Linea,Paquete,Peso Bruto _ CL,Ley_CL,kts,Fino,P.V,no cuenta Peso,fino_CL,bruto_peso,fino*pv,Exp,Cliente
E39_1_710,E39_1,229.70,710.00,,163.09,,,163.09,229.70,0,"'
- Una linea de 163.09 grs. de fino: 229.7 grs de bruto x ley  (710/1000)",Nova Joia
E39_1_540,E39_1,1.55,540.00,,0.84,,,0.84,1.55,0,"'
- Una linea de 0.84 grs. de fino: 1.55 grs de bruto x ley  (540/1000)",Nova Joia
E39_1_335,E39_1,3.34,335.00,,1.12,,,1.12,3.34,0,"'
- Una linea de 1.12 grs. de fino: 3.34 grs de bruto x ley  (335/1000)",Nova Joia
E39_2_708,E39_2,1012.00,708.00,,716.50,,,716.50,1012.00,0,"'
- Una linea de 716.5 grs. de fino: 1012 grs de bruto x ley  (708/1000)",OrCash
E39_3_710,E39_3,58.45,710.00,,41.50,,,41.50,58.45,0,"'
- Una linea de 41.5 grs. de fino: 58.45 grs de bruto x ley  (710/1000)",Nova Joia
E39_3_900,E39_3,399.81,900.00,,359.83,,,359.83,399.81,0,"'
- Una linea de 359.83 grs. de fino: 399.81 grs de bruto x ley  (900/1000)",Nova Joia
E39_4_708,E39_4,235.50,708.00,,166.73,,,166.73,235.50,0,"'
- Una linea de 166.73 grs. de fino: 235.5 grs de bruto x ley  (708/1000)",Gaudia
E39_5_720,E39_5,40.10,720.00,,28.87,,,28.87,40.10,0,"'
- Una linea de 28.87 grs. de fino: 40.1 grs de bruto x ley  (720/1000)",Gemma d'Or
E39_5_740,E39_5,137.10,740.00,,101.45,,,101.45,137.10,0,"'
- Una linea de 101.45 grs. de fino: 137.1 grs de bruto x ley  (740/1000)",Gemma d'Or
E39_6_740,E39_6,16.62,740.00,,12.30,,,12.30,16.62,0,"'
- Una linea de 12.3 grs. de fino: 16.62 grs de bruto x ley  (740/1000)",Nova Joia
E39_6_710,E39_6,293.81,710.00,,208.61,,,208.61,293.81,0,"'
- Una linea de 208.61 grs. de fino: 293.81 grs de bruto x ley  (710/1000)",Nova Joia
E39_7_710,E39_7,71.52,710.00,,50.78,,,50.78,71.52,0,"'
- Una linea de 50.78 grs. de fino: 71.52 grs de bruto x ley  (710/1000)",Nova Joia
E39_7_900,E39_7,64.49,900.00,,58.04,,,58.04,64.49,0,"'
- Una linea de 58.04 grs. de fino: 64.49 grs de bruto x ley  (900/1000)",Nova Joia
E39_8_999.9,E39_8,250.00,999.90,,249.98,,,249.98,250.00,0,"'
- Una linea de 249.98 grs. de fino: 250 grs de bruto x ley  (999.9/1000)",Nova Joia
E39_9_710,E39_9,109.27,710.00,,77.58,,,77.58,109.27,0,"'
- Una linea de 77.58 grs. de fino: 109.27 grs de bruto x ley  (710/1000)",Nova Joia
E39_9_540,E39_9,7.15,540.00,,3.86,,,3.86,7.15,0,"'
- Una linea de 3.86 grs. de fino: 7.15 grs de bruto x ley  (540/1000)",Nova Joia
E39_9_710,E39_9,37.00,710.00,,26.27,,,26.27,37.00,0,"'
- Una linea de 26.27 grs. de fino: 37 grs de bruto x ley  (710/1000)",Nova Joia
E39_10_725,E39_10,59.90,725.00,,43.43,,,43.43,59.90,0,"'
- Una linea de 43.43 grs. de fino: 59.9 grs de bruto x ley  (725/1000)",Alquimia
E39_10_900,E39_10,6.45,900.00,,5.81,,,5.81,6.45,0,"'
- Una linea de 5.81 grs. de fino: 6.45 grs de bruto x ley  (900/1000)",Alquimia
E39_11_710,E39_11,143.64,710.00,,101.98,,,101.98,143.64,0,"'
- Una linea de 101.98 grs. de fino: 143.64 grs de bruto x ley  (710/1000)",Nova Joia
E39_11_917,E39_11,67.91,917.00,,62.27,,,62.27,67.91,0,"'
- Una linea de 62.27 grs. de fino: 67.91 grs de bruto x ley  (917/1000)",Nova Joia
E39_12_999,E39_12,25.74,999.00,,25.71,,,25.71,25.74,0,"'
- Una linea de 25.71 grs. de fino: 25.74 grs de bruto x ley  (999/1000)",La Milla d'Or
E39_12_896,E39_12,10.58,896.00,,9.48,,,9.48,10.58,0,"'
- Una linea de 9.48 grs. de fino: 10.58 grs de bruto x ley  (896/1000)",La Milla d'Or
E39_12_780,E39_12,57.85,780.00,,45.12,,,45.12,57.85,0,"'
- Una linea de 45.12 grs. de fino: 57.85 grs de bruto x ley  (780/1000)",La Milla d'Or
E39_12_730,E39_12,508.92,730.00,,371.51,,,371.51,508.92,0,"'
- Una linea de 371.51 grs. de fino: 508.92 grs de bruto x ley  (730/1000)",La Milla d'Or
E39_12_646,E39_12,11.69,646.00,,7.55,,,7.55,11.69,0,"'
- Una linea de 7.55 grs. de fino: 11.69 grs de bruto x ley  (646/1000)",La Milla d'Or
E39_12_565,E39_12,52.19,565.00,,29.49,,,29.49,52.19,0,"'
- Una linea de 29.49 grs. de fino: 52.19 grs de bruto x ley  (565/1000)",La Milla d'Or
E39_12_355,E39_12,3.74,355.00,,1.33,,,1.33,3.74,0,"'
- Una linea de 1.33 grs. de fino: 3.74 grs de bruto x ley  (355/1000)",La Milla d'Or
E40_1_999.9,E40_1,175.00,999.90,,174.98,,,174.98,175.00,0,"'
- Una linea de 174.98 grs. de fino: 175 grs de bruto x ley  (999.9/1000)",Gemma d'Or
E40_2_710,E40_2,150.80,710.00,,107.07,,,107.07,150.80,0,"'
- Una linea de 107.07 grs. de fino: 150.8 grs de bruto x ley  (710/1000)",Gemma d'Or
E40_3_710,E40_3,224.60,710.00,,159.47,,,159.47,224.60,0,"'
- Una linea de 159.47 grs. de fino: 224.6 grs de bruto x ley  (710/1000)",Nova Joia
E40_3_540,E40_3,122.97,540.00,,66.40,,,66.40,122.97,0,"'
- Una linea de 66.4 grs. de fino: 122.97 grs de bruto x ley  (540/1000)",Nova Joia
E40_3_335,E40_3,11.82,335.00,,3.96,,,3.96,11.82,0,"'
- Una linea de 3.96 grs. de fino: 11.82 grs de bruto x ley  (335/1000)",Nova Joia
E40_4_710,E40_4,239.41,710.00,,169.98,,,169.98,239.41,0,"'
- Una linea de 169.98 grs. de fino: 239.41 grs de bruto x ley  (710/1000)",Nova Joia
E40_4_900,E40_4,19.36,900.00,,17.42,,,17.42,19.36,0,"'
- Una linea de 17.42 grs. de fino: 19.36 grs de bruto x ley  (900/1000)",Nova Joia
E40_4_999.9,E40_4,7.91,999.90,,7.91,,,7.91,7.91,0,"'
- Una linea de 7.91 grs. de fino: 7.91 grs de bruto x ley  (999.9/1000)",Nova Joia
E40_4_625,E40_4,6.27,625.00,,3.92,,,3.92,6.27,0,"'
- Una linea de 3.92 grs. de fino: 6.27 grs de bruto x ley  (625/1000)",Nova Joia
E40_4_916,E40_4,67.88,916.00,,62.18,,,62.18,67.88,0,"'
- Una linea de 62.18 grs. de fino: 67.88 grs de bruto x ley  (916/1000)",Nova Joia
E40_4_916,E40_4,67.86,916.00,,62.16,,,62.16,67.86,0,"'
- Una linea de 62.16 grs. de fino: 67.86 grs de bruto x ley  (916/1000)",Nova Joia
E40_6_999.9,E40_6,400.00,999.90,,399.96,,,399.96,400.00,0,"'
- Una linea de 399.96 grs. de fino: 400 grs de bruto x ley  (999.9/1000)",Gemma d'Or
E40_5_708,E40_5,272.50,708.00,,192.93,,,192.93,272.50,0,"'
- Una linea de 192.93 grs. de fino: 272.5 grs de bruto x ley  (708/1000)",Gaudia
E40_7_708,E40_7,516.00,708.00,,365.33,,,365.33,516.00,0,"'
- Una linea de 365.33 grs. de fino: 516 grs de bruto x ley  (708/1000)",OrCash
E40_8_999,E40_8,15.48,999.00,,15.46,,,15.46,15.48,0,"'
- Una linea de 15.46 grs. de fino: 15.48 grs de bruto x ley  (999/1000)",La Milla d'Or
E40_8_896,E40_8,17.29,896.00,,15.49,,,15.49,17.29,0,"'
- Una linea de 15.49 grs. de fino: 17.29 grs de bruto x ley  (896/1000)",La Milla d'Or
E40_8_780,E40_8,21.76,780.00,,16.97,,,16.97,21.76,0,"'
- Una linea de 16.97 grs. de fino: 21.76 grs de bruto x ley  (780/1000)",La Milla d'Or
E40_8_730,E40_8,580.97,730.00,,424.11,,,424.11,580.97,0,"'
- Una linea de 424.11 grs. de fino: 580.97 grs de bruto x ley  (730/1000)",La Milla d'Or
E40_8_565,E40_8,33.50,565.00,,18.93,,,18.93,33.50,0,"'
- Una linea de 18.93 grs. de fino: 33.5 grs de bruto x ley  (565/1000)",La Milla d'Or
E40_8_355,E40_8,0.46,355.00,,0.16,,,0.16,0.46,0,"'
- Una linea de 0.16 grs. de fino: 0.46 grs de bruto x ley  (355/1000)",La Milla d'Or
E40_9_710,E40_9,132.49,710.00,,94.07,,,94.07,132.49,0,"'
- Una linea de 94.07 grs. de fino: 132.49 grs de bruto x ley  (710/1000)",Nova Joia
E40_9_540,E40_9,44.61,540.00,,24.09,,,24.09,44.61,0,"'
- Una linea de 24.09 grs. de fino: 44.61 grs de bruto x ley  (540/1000)",Nova Joia
E40_10_720,E40_10,166.00,720.00,,119.52,,,119.52,166.00,0,"'
- Una linea de 119.52 grs. de fino: 166 grs de bruto x ley  (720/1000)",Gemma d'Or
E40_11_716,E40_11,240.83,716.00,,172.43,,,172.43,240.83,0,"'
- Una linea de 172.43 grs. de fino: 240.83 grs de bruto x ley  (716/1000)",OrCash
E40_12_875,E40_12,27.04,875.00,,23.66,,,23.66,27.04,0,"'
- Una linea de 23.66 grs. de fino: 27.04 grs de bruto x ley  (875/1000)",Nova Joia
E40_12_900,E40_12,125.04,900.00,,112.54,,,112.54,125.04,0,"'
- Una linea de 112.54 grs. de fino: 125.04 grs de bruto x ley  (900/1000)",Nova Joia
E40_12_710,E40_12,175.34,710.00,,124.49,,,124.49,175.34,0,"'
- Una linea de 124.49 grs. de fino: 175.34 grs de bruto x ley  (710/1000)",Nova Joia
E40_13_675,E40_13,146.15,675.00,,98.65,,,98.65,146.15,0,"'
- Una linea de 98.65 grs. de fino: 146.15 grs de bruto x ley  (675/1000)",OrCash
E40_14_733,E40_14,256.59,733.00,,188.08,,,188.08,256.59,0,"'
- Una linea de 188.08 grs. de fino: 256.59 grs de bruto x ley  (733/1000)",OrCash
E40_15_710,E40_15,76.67,710.00,,54.44,,,54.44,76.67,0,"'
- Una linea de 54.44 grs. de fino: 76.67 grs de bruto x ley  (710/1000)",Nova Joia
E40_15_900,E40_15,499.92,900.00,,449.93,,,449.93,499.92,0,"'
- Una linea de 449.93 grs. de fino: 499.92 grs de bruto x ley  (900/1000)",Nova Joia
E40_16_725,E40_16,550.70,725.00,,399.26,,,399.26,550.70,0,"'
- Una linea de 399.26 grs. de fino: 550.7 grs de bruto x ley  (725/1000)",OrCash
E41_1_999,E41_1,10.00,999.00,,9.99,,,9.99,10.00,0,"'
- Una linea de 9.99 grs. de fino: 10 grs de bruto x ley  (999/1000)",La Milla d'Or
E41_1_855,E41_1,7.87,855.00,,6.73,,,6.73,7.87,0,"'
- Una linea de 6.73 grs. de fino: 7.87 grs de bruto x ley  (855/1000)",La Milla d'Or
E41_1_730,E41_1,395.53,730.00,,288.74,,,288.74,395.53,0,"'
- Una linea de 288.74 grs. de fino: 395.53 grs de bruto x ley  (730/1000)",La Milla d'Or
E41_1_565,E41_1,4.21,565.00,,2.38,,,2.38,4.21,0,"'
- Una linea de 2.38 grs. de fino: 4.21 grs de bruto x ley  (565/1000)",La Milla d'Or
E41_2_710,E41_2,242.98,710.00,,172.52,,,172.52,242.98,0,"'
- Una linea de 172.52 grs. de fino: 242.98 grs de bruto x ley  (710/1000)",Nova Joia
E41_2_800,E41_2,2.53,800.00,,2.02,,,2.02,2.53,0,"'
- Una linea de 2.02 grs. de fino: 2.53 grs de bruto x ley  (800/1000)",Nova Joia
E41_2_300,E41_2,5.40,300.00,,1.62,,,1.62,5.40,0,"'
- Una linea de 1.62 grs. de fino: 5.4 grs de bruto x ley  (300/1000)",Nova Joia
E41_3_750,E41_3,219.50,750.00,,164.63,,,164.63,219.50,0,"'
- Una linea de 164.63 grs. de fino: 219.5 grs de bruto x ley  (750/1000)",Gemma d'Or
E41_4_713,E41_4,406.91,713.00,,290.13,,,290.13,406.91,0,"'
- Una linea de 290.13 grs. de fino: 406.91 grs de bruto x ley  (713/1000)",OrCash
E41_5_708,E41_5,103.00,708.00,,72.92,,,72.92,103.00,0,"'
- Una linea de 72.92 grs. de fino: 103 grs de bruto x ley  (708/1000)",Gaudia
E41_6_710,E41_6,240.78,710.00,,170.95,,,170.95,240.78,0,"'
- Una linea de 170.95 grs. de fino: 240.78 grs de bruto x ley  (710/1000)",Nova Joia
E41_6_833,E41_6,6.26,833.00,,5.21,,,5.21,6.26,0,"'
- Una linea de 5.21 grs. de fino: 6.26 grs de bruto x ley  (833/1000)",Nova Joia
E41_7_725,E41_7,98.00,725.00,,71.05,,,71.05,98.00,0,"'
- Una linea de 71.05 grs. de fino: 98 grs de bruto x ley  (725/1000)",Alquimia
E41_8_710,E41_8,111.53,710.00,,79.19,,,79.19,111.53,0,"'
- Una linea de 79.19 grs. de fino: 111.53 grs de bruto x ley  (710/1000)",Nova Joia
E41_8_540,E41_8,8.99,540.00,,4.85,,,4.85,8.99,0,"'
- Una linea de 4.85 grs. de fino: 8.99 grs de bruto x ley  (540/1000)",Nova Joia
E41_9.1_708,E41_9.1,135.00,708.00,,95.58,,,95.58,135.00,0,"'
- Una linea de 95.58 grs. de fino: 135 grs de bruto x ley  (708/1000)",Gaudia
E41_9.2_1000,E41_9.2,96.00,1000.00,,96.00,,,96.00,96.00,0,"'
- Una linea de 96 grs. de fino: 96 grs de bruto x ley  (1000/1000)",Gaudia
E41_10_745,E41_10,351.28,745.00,,261.70,,,261.70,351.28,0,"'
- Una linea de 261.7 grs. de fino: 351.28 grs de bruto x ley  (745/1000)",OrCash
E41_10_743,E41_10,418.77,743.00,,311.15,,,311.15,418.77,0,"'
- Una linea de 311.15 grs. de fino: 418.77 grs de bruto x ley  (743/1000)",OrCash
E41_11_710,E41_11,224.99,710.00,,159.74,,,159.74,224.99,0,"'
- Una linea de 159.74 grs. de fino: 224.99 grs de bruto x ley  (710/1000)",Nova Joia
E41_12_750,E41_12,165.00,750.00,,123.75,,,123.75,165.00,0,"'
- Una linea de 123.75 grs. de fino: 165 grs de bruto x ley  (750/1000)",Gaudia
E41_13_750,E41_13,500.64,750.00,,375.48,,,375.48,500.64,0,"'
- Una linea de 375.48 grs. de fino: 500.64 grs de bruto x ley  (750/1000)",OrCash
E41_15_780,E41_15,13.65,780.00,,10.65,,,10.65,13.65,0,"'
- Una linea de 10.65 grs. de fino: 13.65 grs de bruto x ley  (780/1000)",La Milla d'Or
E41_15_730,E41_15,370.75,730.00,,270.65,,,270.65,370.75,0,"'
- Una linea de 270.65 grs. de fino: 370.75 grs de bruto x ley  (730/1000)",La Milla d'Or
E41_15_355,E41_15,4.79,355.00,,1.70,,,1.70,4.79,0,"'
- Una linea de 1.7 grs. de fino: 4.79 grs de bruto x ley  (355/1000)",La Milla d'Or
E41_14_710,E41_14,117.21,710.00,,83.22,,,83.22,117.21,0,"'
- Una linea de 83.22 grs. de fino: 117.21 grs de bruto x ley  (710/1000)",Nova Joia
E41_14_900,E41_14,124.94,900.00,,112.45,,,112.45,124.94,0,"'
- Una linea de 112.45 grs. de fino: 124.94 grs de bruto x ley  (900/1000)",Nova Joia
E41_15_1000,E41_15,-8.00,1000.00,,-8.00,,checked,0.00,0.00,0,"'
- Una linea de -8 grs. de fino: -8 grs de bruto x ley  (1000/1000)",La Milla d'Or
E42_1_708,E42_1,153.47,708.00,,108.66,,,108.66,153.47,0,"'
- Una linea de 108.66 grs. de fino: 153.47 grs de bruto x ley  (708/1000)",Racó d'Or
E42_2_708,E42_2,118.89,708.00,,84.17,,,84.17,118.89,0,"'
- Una linea de 84.17 grs. de fino: 118.89 grs de bruto x ley  (708/1000)",Racó d'Or
E42_3_710,E42_3,202.03,710.00,,143.44,,,143.44,202.03,0,"'
- Una linea de 143.44 grs. de fino: 202.03 grs de bruto x ley  (710/1000)",Nova Joia
E42_4_750,E42_4,84.65,750.00,,63.49,,,63.49,84.65,0,"'
- Una linea de 63.49 grs. de fino: 84.65 grs de bruto x ley  (750/1000)",Gemma d'Or
E42_4_730,E42_4,95.50,730.00,,69.72,,,69.72,95.50,0,"'
- Una linea de 69.72 grs. de fino: 95.5 grs de bruto x ley  (730/1000)",Gemma d'Or
E42_5_880,E42_5,4.83,880.00,,4.25,,,4.25,4.83,0,"'
- Una linea de 4.25 grs. de fino: 4.83 grs de bruto x ley  (880/1000)",Nova Joia
E42_5_710,E42_5,120.33,710.00,,85.43,,,85.43,120.33,0,"'
- Una linea de 85.43 grs. de fino: 120.33 grs de bruto x ley  (710/1000)",Nova Joia
E42_5_900,E42_5,208.30,900.00,,187.47,,,187.47,208.30,0,"'
- Una linea de 187.47 grs. de fino: 208.3 grs de bruto x ley  (900/1000)",Nova Joia
E42_6.1_708,E42_6.1,95.97,708.00,,67.95,,,67.95,95.97,0,"'
- Una linea de 67.95 grs. de fino: 95.97 grs de bruto x ley  (708/1000)",Racó d'Or
E42_6.2_999,E42_6.2,41.77,999.00,,41.73,,,41.73,41.77,0,"'
- Una linea de 41.73 grs. de fino: 41.77 grs de bruto x ley  (999/1000)",Racó d'Or
E42_7_740,E42_7,226.15,740.00,,167.35,,,167.35,226.15,0,"'
- Una linea de 167.35 grs. de fino: 226.15 grs de bruto x ley  (740/1000)",Gemma d'Or
E42_8_705,E42_8,17.70,705.00,,12.48,,,12.48,17.70,0,"'
- Una linea de 12.48 grs. de fino: 17.7 grs de bruto x ley  (705/1000)",Alquimia
E42_8_900,E42_8,166.45,900.00,,149.81,,,149.81,166.45,0,"'
- Una linea de 149.81 grs. de fino: 166.45 grs de bruto x ley  (900/1000)",Alquimia
E42_9_710,E42_9,40.38,710.00,,28.67,,,28.67,40.38,0,"'
- Una linea de 28.67 grs. de fino: 40.38 grs de bruto x ley  (710/1000)",Nova Joia
E42_9_900,E42_9,249.98,900.00,,224.98,,,224.98,249.98,0,"'
- Una linea de 224.98 grs. de fino: 249.98 grs de bruto x ley  (900/1000)",Nova Joia
E42_10_708,E42_10,217.26,708.00,,153.82,,,153.82,217.26,0,"'
- Una linea de 153.82 grs. de fino: 217.26 grs de bruto x ley  (708/1000)",Racó d'Or
E42_11_855,E42_11,6.47,855.00,,5.53,,,5.53,6.47,0,"'
- Una linea de 5.53 grs. de fino: 6.47 grs de bruto x ley  (855/1000)",La Milla d'Or
E42_11_780,E42_11,27.05,780.00,,21.10,,,21.10,27.05,0,"'
- Una linea de 21.1 grs. de fino: 27.05 grs de bruto x ley  (780/1000)",La Milla d'Or
E42_11_730,E42_11,338.62,730.00,,247.19,,,247.19,338.62,0,"'
- Una linea de 247.19 grs. de fino: 338.62 grs de bruto x ley  (730/1000)",La Milla d'Or
E42_11_565,E42_11,1.58,565.00,,0.89,,,0.89,1.58,0,"'
- Una linea de 0.89 grs. de fino: 1.58 grs de bruto x ley  (565/1000)",La Milla d'Or
E42_12_710,E42_12,53.04,710.00,,37.66,,,37.66,53.04,0,"'
- Una linea de 37.66 grs. de fino: 53.04 grs de bruto x ley  (710/1000)",Nova Joia
E42_12_666,E42_12,6.90,666.00,,4.60,,,4.60,6.90,0,"'
- Una linea de 4.6 grs. de fino: 6.9 grs de bruto x ley  (666/1000)",Nova Joia
E42_12_335,E42_12,1.95,335.00,,0.65,,,0.65,1.95,0,"'
- Una linea de 0.65 grs. de fino: 1.95 grs de bruto x ley  (335/1000)",Nova Joia
E42_13_730,E42_13,128.40,730.00,,93.73,,,93.73,128.40,0,"'
- Una linea de 93.73 grs. de fino: 128.4 grs de bruto x ley  (730/1000)",Gemma d'Or
E42_13_730,E42_13,96.00,730.00,,70.08,,,70.08,96.00,0,"'
- Una linea de 70.08 grs. de fino: 96 grs de bruto x ley  (730/1000)",Gemma d'Or
E42_14_710,E42_14,292.83,710.00,,207.91,,,207.91,292.83,0,"'
- Una linea de 207.91 grs. de fino: 292.83 grs de bruto x ley  (710/1000)",Nova Joia
E42_14_540,E42_14,5.01,540.00,,2.71,,,2.71,5.01,0,"'
- Una linea de 2.71 grs. de fino: 5.01 grs de bruto x ley  (540/1000)",Nova Joia
E42_15_708,E42_15,246.37,708.00,,174.43,,,174.43,246.37,0,"'
- Una linea de 174.43 grs. de fino: 246.37 grs de bruto x ley  (708/1000)",Racó d'Or
E42_16_780,E42_16,35.92,780.00,,28.02,,,28.02,35.92,0,"'
- Una linea de 28.02 grs. de fino: 35.92 grs de bruto x ley  (780/1000)",La Milla d'Or
E42_16_730,E42_16,263.05,730.00,,192.03,,,192.03,263.05,0,"'
- Una linea de 192.03 grs. de fino: 263.05 grs de bruto x ley  (730/1000)",La Milla d'Or
E42_16_646,E42_16,12.58,646.00,,8.13,,,8.13,12.58,0,"'
- Una linea de 8.13 grs. de fino: 12.58 grs de bruto x ley  (646/1000)",La Milla d'Or
E42_16_565,E42_16,4.55,565.00,,2.57,,,2.57,4.55,0,"'
- Una linea de 2.57 grs. de fino: 4.55 grs de bruto x ley  (565/1000)",La Milla d'Or
E42_17_737,E42_17,167.62,737.00,,123.54,,,123.54,167.62,0,"'
- Una linea de 123.54 grs. de fino: 167.62 grs de bruto x ley  (737/1000)",Alquimia
E42_18_710,E42_18,313.94,710.00,,222.90,,,222.90,313.94,0,"'
- Una linea de 222.9 grs. de fino: 313.94 grs de bruto x ley  (710/1000)",Nova Joia
E42_18_740,E42_18,7.04,740.00,,5.21,,,5.21,7.04,0,"'
- Una linea de 5.21 grs. de fino: 7.04 grs de bruto x ley  (740/1000)",Nova Joia
E42_19_712,E42_19,525.20,712.00,,373.94,,,373.94,525.20,0,"'
- Una linea de 373.94 grs. de fino: 525.2 grs de bruto x ley  (712/1000)",OrCash
E42_20_670,E42_20,203.50,670.00,,136.35,,,136.35,203.50,0,"'
- Una linea de 136.35 grs. de fino: 203.5 grs de bruto x ley  (670/1000)",Gemma d'Or
E42_21_766,E42_21,318.96,766.00,,244.32,,,244.32,318.96,0,"'
- Una linea de 244.32 grs. de fino: 318.96 grs de bruto x ley  (766/1000)",OrCash
E44_4_730,E44_4,299.60,730.00,,218.71,,,218.71,299.60,0,"'
- Una linea de 218.71 grs. de fino: 299.6 grs de bruto x ley  (730/1000)",Gemma d'Or
E44_6_540,E44_6,5.76,540.00,,3.11,,,3.11,5.76,0,"'
- Una linea de 3.11 grs. de fino: 5.76 grs de bruto x ley  (540/1000)",Nova Joia
E43_1_730,E43_1,210.74,730.00,,153.84,,,153.84,210.74,0,"'
- Una linea de 153.84 grs. de fino: 210.74 grs de bruto x ley  (730/1000)",Gemma d'Or
E43_2_730,E43_2,144.53,730.00,,105.51,,,105.51,144.53,0,"'
- Una linea de 105.51 grs. de fino: 144.53 grs de bruto x ley  (730/1000)",Racó d'Or
E43_3_710,E43_3,322.38,710.00,,228.89,,,228.89,322.38,0,"'
- Una linea de 228.89 grs. de fino: 322.38 grs de bruto x ley  (710/1000)",Nova Joia
E43_3_580,E43_3,14.31,580.00,,8.30,,,8.30,14.31,0,"'
- Una linea de 8.3 grs. de fino: 14.31 grs de bruto x ley  (580/1000)",Nova Joia
E43_4_725,E43_4,503.05,725.00,,364.71,,,364.71,503.05,0,"'
- Una linea de 364.71 grs. de fino: 503.05 grs de bruto x ley  (725/1000)",OrCash
E43_5_1000,E43_5,298.56,1000.00,,298.56,,,298.56,298.56,0,"'
- Una linea de 298.56 grs. de fino: 298.56 grs de bruto x ley  (1000/1000)",OrCash
E43_6_708,E43_6,285.67,708.00,,202.25,,,202.25,285.67,0,"'
- Una linea de 202.25 grs. de fino: 285.67 grs de bruto x ley  (708/1000)",Racó d'Or
E43_7_780,E43_7,51.20,780.00,,39.94,,,39.94,51.20,0,"'
- Una linea de 39.94 grs. de fino: 51.2 grs de bruto x ley  (780/1000)",La Milla d'Or
E43_7_730,E43_7,580.97,730.00,,424.11,,,424.11,580.97,0,"'
- Una linea de 424.11 grs. de fino: 580.97 grs de bruto x ley  (730/1000)",La Milla d'Or
E43_7_646,E43_7,4.65,646.00,,3.00,,,3.00,4.65,0,"'
- Una linea de 3 grs. de fino: 4.65 grs de bruto x ley  (646/1000)",La Milla d'Or
E43_7_565,E43_7,10.41,565.00,,5.88,,,5.88,10.41,0,"'
- Una linea de 5.88 grs. de fino: 10.41 grs de bruto x ley  (565/1000)",La Milla d'Or
E43_7_355,E43_7,6.71,355.00,,2.38,,,2.38,6.71,0,"'
- Una linea de 2.38 grs. de fino: 6.71 grs de bruto x ley  (355/1000)",La Milla d'Or
E43_7_1000,E43_7,-5.50,1000.00,,-5.50,,checked,0.00,0.00,0,"'
- Una linea de -5.5 grs. de fino: -5.5 grs de bruto x ley  (1000/1000)",La Milla d'Or
E43_8_710,E43_8,120.86,710.00,,85.81,,,85.81,120.86,0,"'
- Una linea de 85.81 grs. de fino: 120.86 grs de bruto x ley  (710/1000)",Nova Joia
E43_8_540,E43_8,12.93,540.00,,6.98,,,6.98,12.93,0,"'
- Una linea de 6.98 grs. de fino: 12.93 grs de bruto x ley  (540/1000)",Nova Joia
E43_9_775,E43_9,412.64,775.00,,319.80,,,319.80,412.64,0,"'
- Una linea de 319.8 grs. de fino: 412.64 grs de bruto x ley  (775/1000)",OrCash
E43_10_730,E43_10,251.20,730.00,,183.38,,,183.38,251.20,0,"'
- Una linea de 183.38 grs. de fino: 251.2 grs de bruto x ley  (730/1000)",Gemma d'Or
E43_11_880,E43_11,179.50,880.00,,157.96,,,157.96,179.50,0,"'
- Una linea de 157.96 grs. de fino: 179.5 grs de bruto x ley  (880/1000)",Gemma d'Or
E43_12_750,E43_12,17.60,750.00,,13.20,,,13.20,17.60,0,"'
- Una linea de 13.2 grs. de fino: 17.6 grs de bruto x ley  (750/1000)",Alquimia
E43_13_996.5,E43_13,1000.00,996.50,,996.50,,,996.50,1000.00,0,"'
- Una linea de 996.5 grs. de fino: 1000 grs de bruto x ley  (996.5/1000)",Nova Joia
E43_14_708,E43_14,226.46,708.00,,160.33,,,160.33,226.46,0,"'
- Una linea de 160.33 grs. de fino: 226.46 grs de bruto x ley  (708/1000)",Racó d'Or
E43_15_737,E43_15,458.50,737.00,,337.91,,,337.91,458.50,0,"'
- Una linea de 337.91 grs. de fino: 458.5 grs de bruto x ley  (737/1000)",OrCash
E43_16_737.5,E43_16,580.68,737.50,,428.25,,,428.25,580.68,0,"'
- Una linea de 428.25 grs. de fino: 580.68 grs de bruto x ley  (737.5/1000)",OrCash
E44_1_833,E44_1,83.36,833.00,,69.44,,,69.44,83.36,0,"'
- Una linea de 69.44 grs. de fino: 83.36 grs de bruto x ley  (833/1000)",Racó d'Or
E44_1_750,E44_1,389.09,750.00,,291.82,,,291.82,389.09,0,"'
- Una linea de 291.82 grs. de fino: 389.09 grs de bruto x ley  (750/1000)",Racó d'Or
E44_1_708,E44_1,113.94,708.00,,80.67,,,80.67,113.94,0,"'
- Una linea de 80.67 grs. de fino: 113.94 grs de bruto x ley  (708/1000)",Racó d'Or
E44_2_780,E44_2,1.26,780.00,,0.98,,,0.98,1.26,0,"'
- Una linea de 0.98 grs. de fino: 1.26 grs de bruto x ley  (780/1000)",La Milla d'Or
E44_2_730,E44_2,228.08,730.00,,166.50,,,166.50,228.08,0,"'
- Una linea de 166.5 grs. de fino: 228.08 grs de bruto x ley  (730/1000)",La Milla d'Or
E44_2_565,E44_2,30.76,565.00,,17.38,,,17.38,30.76,0,"'
- Una linea de 17.38 grs. de fino: 30.76 grs de bruto x ley  (565/1000)",La Milla d'Or
E44_2_355,E44_2,8.35,355.00,,2.96,,,2.96,8.35,0,"'
- Una linea de 2.96 grs. de fino: 8.35 grs de bruto x ley  (355/1000)",La Milla d'Or
E44_2_1000,E44_2,-10.00,1000.00,,-10.00,,checked,0.00,0.00,0,"'
- Una linea de -10 grs. de fino: -10 grs de bruto x ley  (1000/1000)",La Milla d'Or
E44_3_741,E44_3,453.23,741.00,,335.84,,,335.84,453.23,0,"'
- Una linea de 335.84 grs. de fino: 453.23 grs de bruto x ley  (741/1000)",OrCash
E44_5_730,E44_5,302.64,730.00,,220.93,,,220.93,302.64,0,"'
- Una linea de 220.93 grs. de fino: 302.64 grs de bruto x ley  (730/1000)",Gemma d'Or
E44_6_710,E44_6,600.21,710.00,,426.15,,,426.15,600.21,0,"'
- Una linea de 426.15 grs. de fino: 600.21 grs de bruto x ley  (710/1000)",Nova Joia
E44_6_740,E44_6,24.86,740.00,,18.40,,,18.40,24.86,0,"'
- Una linea de 18.4 grs. de fino: 24.86 grs de bruto x ley  (740/1000)",Nova Joia
E44_6_630,E44_6,10.13,630.00,,6.38,,,6.38,10.13,0,"'
- Una linea de 6.38 grs. de fino: 10.13 grs de bruto x ley  (630/1000)",Nova Joia
E44_6_530,E44_6,20.07,530.00,,10.64,,,10.64,20.07,0,"'
- Una linea de 10.64 grs. de fino: 20.07 grs de bruto x ley  (530/1000)",Nova Joia
E44_7_375,E44_7,20.00,375.00,,7.50,,,7.50,20.00,0,"'
- Una linea de 7.5 grs. de fino: 20 grs de bruto x ley  (375/1000)",Racó d'Or
E44_8_710,E44_8,241.12,710.00,,171.20,,,171.20,241.12,0,"'
- Una linea de 171.2 grs. de fino: 241.12 grs de bruto x ley  (710/1000)",Nova Joia
E44_8_540,E44_8,23.36,540.00,,12.61,,,12.61,23.36,0,"'
- Una linea de 12.61 grs. de fino: 23.36 grs de bruto x ley  (540/1000)",Nova Joia
E44_9_708,E44_9,346.33,708.00,,245.20,,,245.20,346.33,0,"'
- Una linea de 245.2 grs. de fino: 346.33 grs de bruto x ley  (708/1000)",Racó d'Or
E44_11_1000,E44_11,100.00,1000.00,,100.00,,,100.00,100.00,0,"'
- Una linea de 100 grs. de fino: 100 grs de bruto x ley  (1000/1000)",La Milla d'Or
E44_10_780,E44_10,34.90,780.00,,27.22,,,27.22,34.90,0,"'
- Una linea de 27.22 grs. de fino: 34.9 grs de bruto x ley  (780/1000)",La Milla d'Or
E44_10_730,E44_10,272.78,730.00,,199.13,,,199.13,272.78,0,"'
- Una linea de 199.13 grs. de fino: 272.78 grs de bruto x ley  (730/1000)",La Milla d'Or
E44_10_565,E44_10,7.19,565.00,,4.06,,,4.06,7.19,0,"'
- Una linea de 4.06 grs. de fino: 7.19 grs de bruto x ley  (565/1000)",La Milla d'Or
E44_12_710,E44_12,277.70,710.00,,197.17,,,197.17,277.70,0,"'
- Una linea de 197.17 grs. de fino: 277.7 grs de bruto x ley  (710/1000)",Nova Joia
E44_12_740,E44_12,21.80,740.00,,16.13,,,16.13,21.80,0,"'
- Una linea de 16.13 grs. de fino: 21.8 grs de bruto x ley  (740/1000)",Nova Joia
E44_13_716,E44_13,449.24,716.00,,321.66,,,321.66,449.24,0,"'
- Una linea de 321.66 grs. de fino: 449.24 grs de bruto x ley  (716/1000)",OrCash
E46_3_750,E46_3,121.20,750.00,,90.90,,,90.90,121.20,0,"'
- Una linea de 90.9 grs. de fino: 121.2 grs de bruto x ley  (750/1000)",Gemma d'Or
E44_14_770,E44_14,31.10,770.00,,23.95,,,23.95,31.10,0,"'
- Una linea de 23.95 grs. de fino: 31.1 grs de bruto x ley  (770/1000)",Nova Joia
E44_14_540,E44_14,108.18,540.00,,58.42,,,58.42,108.18,0,"'
- Una linea de 58.42 grs. de fino: 108.18 grs de bruto x ley  (540/1000)",Nova Joia
E44_14_710,E44_14,8.11,710.00,,5.76,,,5.76,8.11,0,"'
- Una linea de 5.76 grs. de fino: 8.11 grs de bruto x ley  (710/1000)",Nova Joia
E44_15_740,E44_15,122.10,740.00,,90.35,,,90.35,122.10,0,"'
- Una linea de 90.35 grs. de fino: 122.1 grs de bruto x ley  (740/1000)",Gemma d'Or
E44_8_208,E44_8,30.00,208.00,,6.24,,,6.24,30.00,0,"'
- Una linea de 6.24 grs. de fino: 30 grs de bruto x ley  (208/1000)",Nova Joia
E44_16_708,E44_16,240.07,708.00,,169.97,,,169.97,240.07,0,"'
- Una linea de 169.97 grs. de fino: 240.07 grs de bruto x ley  (708/1000)",Racó d'Or
E44_15_710,E44_15,97.20,710.00,,69.01,,,69.01,97.20,0,"'
- Una linea de 69.01 grs. de fino: 97.2 grs de bruto x ley  (710/1000)",Gemma d'Or
E45_1_708,E45_1,307.44,708.00,,217.67,,,217.67,307.44,0,"'
- Una linea de 217.67 grs. de fino: 307.44 grs de bruto x ley  (708/1000)",Racó d'Or
E45_2_729,E45_2,292.00,729.00,,212.87,,,212.87,292.00,0,"'
- Una linea de 212.87 grs. de fino: 292 grs de bruto x ley  (729/1000)",OrCash
E45_3_780,E45_3,37.46,780.00,,29.22,,,29.22,37.46,0,"'
- Una linea de 29.22 grs. de fino: 37.46 grs de bruto x ley  (780/1000)",La Milla d'Or
E45_3_730,E45_3,519.24,730.00,,379.05,,,379.05,519.24,0,"'
- Una linea de 379.05 grs. de fino: 519.24 grs de bruto x ley  (730/1000)",La Milla d'Or
E45_3_565,E45_3,5.25,565.00,,2.97,,,2.97,5.25,0,"'
- Una linea de 2.97 grs. de fino: 5.25 grs de bruto x ley  (565/1000)",La Milla d'Or
E45_4_710,E45_4,597.34,710.00,,424.11,,,424.11,597.34,0,"'
- Una linea de 424.11 grs. de fino: 597.34 grs de bruto x ley  (710/1000)",Nova Joia
E45_5_710,E45_5,165.36,710.00,,117.41,,,117.41,165.36,0,"'
- Una linea de 117.41 grs. de fino: 165.36 grs de bruto x ley  (710/1000)",Nova Joia
E45_5_750,E45_5,75.77,750.00,,56.83,,,56.83,75.77,0,"'
- Una linea de 56.83 grs. de fino: 75.77 grs de bruto x ley  (750/1000)",Nova Joia
E45_5_700,E45_5,115.08,700.00,,80.56,,,80.56,115.08,0,"'
- Una linea de 80.56 grs. de fino: 115.08 grs de bruto x ley  (700/1000)",Nova Joia
E45_6_750,E45_6,152.60,750.00,,114.45,,,114.45,152.60,0,"'
- Una linea de 114.45 grs. de fino: 152.6 grs de bruto x ley  (750/1000)",Gemma d'Or
E45_7_716,E45_7,339.27,716.00,,242.92,,,242.92,339.27,0,"'
- Una linea de 242.92 grs. de fino: 339.27 grs de bruto x ley  (716/1000)",OrCash
E45_8_780,E45_8,2.67,780.00,,2.08,,,2.08,2.67,0,"'
- Una linea de 2.08 grs. de fino: 2.67 grs de bruto x ley  (780/1000)",La Milla d'Or
E45_8_730,E45_8,481.76,730.00,,351.68,,,351.68,481.76,0,"'
- Una linea de 351.68 grs. de fino: 481.76 grs de bruto x ley  (730/1000)",La Milla d'Or
E45_8_565,E45_8,5.57,565.00,,3.15,,,3.15,5.57,0,"'
- Una linea de 3.15 grs. de fino: 5.57 grs de bruto x ley  (565/1000)",La Milla d'Or
E45_8_355,E45_8,1.33,355.00,,0.47,,,0.47,1.33,0,"'
- Una linea de 0.47 grs. de fino: 1.33 grs de bruto x ley  (355/1000)",La Milla d'Or
E45_9_792,E45_9,77.05,792.00,,61.02,,,61.02,77.05,0,"'
- Una linea de 61.02 grs. de fino: 77.05 grs de bruto x ley  (792/1000)",Nova Joia
E45_9_710,E45_9,401.77,710.00,,285.26,,,285.26,401.77,0,"'
- Una linea de 285.26 grs. de fino: 401.77 grs de bruto x ley  (710/1000)",Nova Joia
E45_9_740,E45_9,14.20,740.00,,10.51,,,10.51,14.20,0,"'
- Una linea de 10.51 grs. de fino: 14.2 grs de bruto x ley  (740/1000)",Nova Joia
E45_9_690,E45_9,8.59,690.00,,5.93,,,5.93,8.59,0,"'
- Una linea de 5.93 grs. de fino: 8.59 grs de bruto x ley  (690/1000)",Nova Joia
E45_10_720,E45_10,112.20,720.00,,80.78,,,80.78,112.20,0,"'
- Una linea de 80.78 grs. de fino: 112.2 grs de bruto x ley  (720/1000)",Gemma d'Or
E45_10_730,E45_10,107.00,730.00,,78.11,,,78.11,107.00,0,"'
- Una linea de 78.11 grs. de fino: 107 grs de bruto x ley  (730/1000)",Gemma d'Or
E45_11_730,E45_11,517.70,730.00,,377.92,,,377.92,517.70,0,"'
- Una linea de 377.92 grs. de fino: 517.7 grs de bruto x ley  (730/1000)",OrCash
E45_12_710,E45_12,129.83,710.00,,92.18,,,92.18,129.83,0,"'
- Una linea de 92.18 grs. de fino: 129.83 grs de bruto x ley  (710/1000)",Nova Joia
E45_13_916.6,E45_13,169.65,916.60,,155.50,,,155.50,169.65,0,"'
- Una linea de 155.5 grs. de fino: 169.65 grs de bruto x ley  (916.6/1000)",Gemma d'Or
E45_14_708,E45_14,295.69,708.00,,209.35,,,209.35,295.69,0,"'
- Una linea de 209.35 grs. de fino: 295.69 grs de bruto x ley  (708/1000)",Racó d'Or
E45_14_916,E45_14,44.32,916.00,,40.60,,,40.60,44.32,0,"'
- Una linea de 40.6 grs. de fino: 44.32 grs de bruto x ley  (916/1000)",Racó d'Or
E45_12_710,E45_12,144.62,710.00,,102.68,,,102.68,144.62,0,"'
- Una linea de 102.68 grs. de fino: 144.62 grs de bruto x ley  (710/1000)",Nova Joia
E45_12_730,E45_12,33.64,730.00,,24.56,,,24.56,33.64,0,"'
- Una linea de 24.56 grs. de fino: 33.64 grs de bruto x ley  (730/1000)",Nova Joia
E46_1_710,E46_1,137.45,710.00,,97.59,,,97.59,137.45,0,"'
- Una linea de 97.59 grs. de fino: 137.45 grs de bruto x ley  (710/1000)",Nova Joia
E46_2_708,E46_2,237.08,708.00,,167.85,,,167.85,237.08,0,"'
- Una linea de 167.85 grs. de fino: 237.08 grs de bruto x ley  (708/1000)",Racó d'Or
E46_3_760,E46_3,113.63,760.00,,86.36,,,86.36,113.63,0,"'
- Una linea de 86.36 grs. de fino: 113.63 grs de bruto x ley  (760/1000)",Gemma d'Or
E46_4_780,E46_4,24.09,780.00,,18.79,,,18.79,24.09,0,"'
- Una linea de 18.79 grs. de fino: 24.09 grs de bruto x ley  (780/1000)",La Milla d'Or
E46_4_730,E46_4,385.68,730.00,,281.55,,,281.55,385.68,0,"'
- Una linea de 281.55 grs. de fino: 385.68 grs de bruto x ley  (730/1000)",La Milla d'Or
E46_4_565,E46_4,27.82,565.00,,15.72,,,15.72,27.82,0,"'
- Una linea de 15.72 grs. de fino: 27.82 grs de bruto x ley  (565/1000)",La Milla d'Or
E46_4_1000,E46_4,-8.00,1000.00,,-8.00,,checked,0.00,0.00,0,"'
- Una linea de -8 grs. de fino: -8 grs de bruto x ley  (1000/1000)",La Milla d'Or
E46_5_710,E46_5,104.22,710.00,,74.00,,,74.00,104.22,0,"'
- Una linea de 74 grs. de fino: 104.22 grs de bruto x ley  (710/1000)",Nova Joia
E46_5_730,E46_5,15.90,730.00,,11.61,,,11.61,15.90,0,"'
- Una linea de 11.61 grs. de fino: 15.9 grs de bruto x ley  (730/1000)",Nova Joia
E46_6_710,E46_6,187.93,710.00,,133.43,,,133.43,187.93,0,"'
- Una linea de 133.43 grs. de fino: 187.93 grs de bruto x ley  (710/1000)",Nova Joia
E46_6_750,E46_6,50.10,750.00,,37.58,,,37.58,50.10,0,"'
- Una linea de 37.58 grs. de fino: 50.1 grs de bruto x ley  (750/1000)",Nova Joia
E46_6_540,E46_6,18.21,540.00,,9.83,,,9.83,18.21,0,"'
- Una linea de 9.83 grs. de fino: 18.21 grs de bruto x ley  (540/1000)",Nova Joia
E46_7_752,E46_7,5.85,752.00,,4.40,,,4.40,5.85,0,"'
- Una linea de 4.4 grs. de fino: 5.85 grs de bruto x ley  (752/1000)",Alquimia
E46_7_742,E46_7,8.92,742.00,,6.62,,,6.62,8.92,0,"'
- Una linea de 6.62 grs. de fino: 8.92 grs de bruto x ley  (742/1000)",Alquimia
E46_7_733,E46_7,45.72,733.00,,33.51,,,33.51,45.72,0,"'
- Una linea de 33.51 grs. de fino: 45.72 grs de bruto x ley  (733/1000)",Alquimia
E46_8_720,E46_8,266.80,720.00,,192.10,,,192.10,266.80,0,"'
- Una linea de 192.1 grs. de fino: 266.8 grs de bruto x ley  (720/1000)",Gemma d'Or
E46_9_725,E46_9,499.16,725.00,24,361.89,,,361.89,499.16,0,"'
- Una linea de 361.89 grs. de fino: 499.16 grs de bruto x ley 24 kts (725/1000)",OrCash
E46_12_720.84,E46_12,513.11,720.84,,369.87,,,369.87,513.11,0,"'
- Una linea de 369.87 grs. de fino: 513.11 grs de bruto x ley  (720.84/1000)",OrCash
E46_10_355,E46_10,21.73,355.00,9,7.71,,,7.71,21.73,0,"'
- Una linea de 7.71 grs. de fino: 21.73 grs de bruto x ley 9 kts (355/1000)",La Milla d'Or
E46_10_565,E46_10,61.20,565.00,14,34.58,,,34.58,61.20,0,"'
- Una linea de 34.58 grs. de fino: 61.2 grs de bruto x ley 14 kts (565/1000)",La Milla d'Or
E46_10_730,E46_10,509.90,730.00,18,372.23,,,372.23,509.90,0,"'
- Una linea de 372.23 grs. de fino: 509.9 grs de bruto x ley 18 kts (730/1000)",La Milla d'Or
E46_10_780,E46_10,10.53,780.00,19,8.21,,,8.21,10.53,0,"'
- Una linea de 8.21 grs. de fino: 10.53 grs de bruto x ley 19 kts (780/1000)",La Milla d'Or
E46_10_896,E46_10,8.15,896.00,22,7.30,,,7.30,8.15,0,"'
- Una linea de 7.3 grs. de fino: 8.15 grs de bruto x ley 22 kts (896/1000)",La Milla d'Or
E46_11_700,E46_11,82.60,700.00,,57.82,,,57.82,82.60,0,"'
- Una linea de 57.82 grs. de fino: 82.6 grs de bruto x ley  (700/1000)",Gemma d'Or
E46_11_900,E46_11,26.50,900.00,,23.85,,,23.85,26.50,0,"'
- Una linea de 23.85 grs. de fino: 26.5 grs de bruto x ley  (900/1000)",Gemma d'Or
E46_11_600,E46_11,24.70,600.00,,14.82,,,14.82,24.70,0,"'
- Una linea de 14.82 grs. de fino: 24.7 grs de bruto x ley  (600/1000)",Gemma d'Or
E46_13_750,E46_13,85.60,750.00,,64.20,,,64.20,85.60,0,"'
- Una linea de 64.2 grs. de fino: 85.6 grs de bruto x ley  (750/1000)",Nova Joia
E46_13_710,E46_13,404.47,710.00,,287.17,,,287.17,404.47,0,"'
- Una linea de 287.17 grs. de fino: 404.47 grs de bruto x ley  (710/1000)",Nova Joia
E46_14_708,E46_14,229.80,708.00,17,162.70,,,162.70,229.80,0,"'
- Una linea de 162.7 grs. de fino: 229.8 grs de bruto x ley 17 kts (708/1000)",Racó d'Or
E46_15_730,E46_15,474.29,730.00,18,346.23,,,346.23,474.29,0,"'
- Una linea de 346.23 grs. de fino: 474.29 grs de bruto x ley 18 kts (730/1000)",La Milla d'Or
E46_15_565,E46_15,0.98,565.00,14,0.55,,,0.55,0.98,0,"'
- Una linea de 0.55 grs. de fino: 0.98 grs de bruto x ley 14 kts (565/1000)",La Milla d'Or
E48_10_780,E48_10,28.21,780.00,,22.00,,,22.00,28.21,0,"'
- Una linea de 22 grs. de fino: 28.21 grs de bruto x ley  (780/1000)",La Milla d'Or
E46_16_780,E46_16,5.89,780.00,19,4.59,,,4.59,5.89,0,"'
- Una linea de 4.59 grs. de fino: 5.89 grs de bruto x ley 19 kts (780/1000)",La Milla d'Or
E46_16_730,E46_16,260.96,730.00,18,190.50,,,190.50,260.96,0,"'
- Una linea de 190.5 grs. de fino: 260.96 grs de bruto x ley 18 kts (730/1000)",La Milla d'Or
E46_16_565,E46_16,1.88,565.00,14,1.06,,,1.06,1.88,0,"'
- Una linea de 1.06 grs. de fino: 1.88 grs de bruto x ley 14 kts (565/1000)",La Milla d'Or
E46_17_710,E46_17,597.66,710.00,,424.34,,,424.34,597.66,0,"'
- Una linea de 424.34 grs. de fino: 597.66 grs de bruto x ley  (710/1000)",Nova Joia
E46_17_720,E46_17,24.28,720.00,,17.48,,,17.48,24.28,0,"'
- Una linea de 17.48 grs. de fino: 24.28 grs de bruto x ley  (720/1000)",Nova Joia
E48_10_730,E48_10,358.28,730.00,,261.54,,,261.54,358.28,0,"'
- Una linea de 261.54 grs. de fino: 358.28 grs de bruto x ley  (730/1000)",La Milla d'Or
E46_18_710,E46_18,220.00,710.00,,156.20,,,156.20,220.00,0,"'
- Una linea de 156.2 grs. de fino: 220 grs de bruto x ley  (710/1000)",Gemma d'Or
E46_19_670,E46_19,202.21,670.00,,135.48,,,135.48,202.21,0,"'
- Una linea de 135.48 grs. de fino: 202.21 grs de bruto x ley  (670/1000)",OrCash
E46_19_500,E46_19,59.01,500.00,,29.51,,,29.51,59.01,0,"'
- Una linea de 29.51 grs. de fino: 59.01 grs de bruto x ley  (500/1000)",OrCash
E46_21_710,E46_21,90.44,710.00,,64.21,,,64.21,90.44,0,"'
- Una linea de 64.21 grs. de fino: 90.44 grs de bruto x ley  (710/1000)",Nova Joia
E46_21_810,E46_21,5.70,810.00,,4.62,,,4.62,5.70,0,"'
- Una linea de 4.62 grs. de fino: 5.7 grs de bruto x ley  (810/1000)",Nova Joia
E46_21_540,E46_21,2.51,540.00,,1.36,,,1.36,2.51,0,"'
- Una linea de 1.36 grs. de fino: 2.51 grs de bruto x ley  (540/1000)",Nova Joia
E46_20_716.5,E46_20,517.16,716.50,,370.55,,,370.55,517.16,0,"'
- Una linea de 370.55 grs. de fino: 517.16 grs de bruto x ley  (716.5/1000)",OrCash
E46_20_1000,E46_20,-10.10,1000.00,,-10.10,,,-10.10,-10.10,0,"'
- Una linea de -10.1 grs. de fino: -10.1 grs de bruto x ley  (1000/1000)",OrCash
E46_22_708,E46_22,382.17,708.00,,270.58,,,270.58,382.17,0,"'
- Una linea de 270.58 grs. de fino: 382.17 grs de bruto x ley  (708/1000)",Racó d'Or
E47_1_780,E47_1,8.60,780.00,19,6.71,,,6.71,8.60,0,"'
- Una linea de 6.71 grs. de fino: 8.6 grs de bruto x ley 19 kts (780/1000)",La Milla d'Or
E47_1_730,E47_1,393.09,730.00,18,286.96,,,286.96,393.09,0,"'
- Una linea de 286.96 grs. de fino: 393.09 grs de bruto x ley 18 kts (730/1000)",La Milla d'Or
E47_1_565,E47_1,43.39,565.00,14,24.52,,,24.52,43.39,0,"'
- Una linea de 24.52 grs. de fino: 43.39 grs de bruto x ley 14 kts (565/1000)",La Milla d'Or
E47_1_355,E47_1,0.23,355.00,9,0.08,,,0.08,0.23,0,"'
- Una linea de 0.08 grs. de fino: 0.23 grs de bruto x ley 9 kts (355/1000)",La Milla d'Or
E47_1_1000,E47_1,-9.00,1000.00,24,-9.00,,checked,0.00,0.00,0,"'
- Una linea de -9 grs. de fino: -9 grs de bruto x ley 24 kts (1000/1000)",La Milla d'Or
E47_2_708,E47_2,159.28,708.00,,112.77,,,112.77,159.28,0,"'
- Una linea de 112.77 grs. de fino: 159.28 grs de bruto x ley  (708/1000)",Racó d'Or
E47_1_,E47_1,,,,0.00,,,0.00,,0,"'
- Una linea de 0 grs. de fino: NaN grs de bruto x ley  (NaN/1000)",La Milla d'Or
E47_3_710,E47_3,161.00,710.00,,114.31,,,114.31,161.00,0,"'
- Una linea de 114.31 grs. de fino: 161 grs de bruto x ley  (710/1000)",Gemma d'Or
E47_4_833,E47_4,324.83,833.00,,270.58,,,270.58,324.83,0,"'
- Una linea de 270.58 grs. de fino: 324.83 grs de bruto x ley  (833/1000)",Gaudia
E47_4_708,E47_4,268.13,708.00,,189.84,,,189.84,268.13,0,"'
- Una linea de 189.84 grs. de fino: 268.13 grs de bruto x ley  (708/1000)",Gaudia
E47_5_710,E47_5,465.16,710.00,,330.26,,,330.26,465.16,0,"'
- Una linea de 330.26 grs. de fino: 465.16 grs de bruto x ley  (710/1000)",Nova Joia
E47_5_710,E47_5,31.91,710.00,,22.66,,,22.66,31.91,0,"'
- Una linea de 22.66 grs. de fino: 31.91 grs de bruto x ley  (710/1000)",Nova Joia
E47_5_670,E47_5,36.07,670.00,,24.17,,,24.17,36.07,0,"'
- Una linea de 24.17 grs. de fino: 36.07 grs de bruto x ley  (670/1000)",Nova Joia
E47_5_790,E47_5,64.81,790.00,,51.20,,,51.20,64.81,0,"'
- Una linea de 51.2 grs. de fino: 64.81 grs de bruto x ley  (790/1000)",Nova Joia
E47_6_701,E47_6,506.46,701.00,,355.03,,,355.03,506.46,0,"'
- Una linea de 355.03 grs. de fino: 506.46 grs de bruto x ley  (701/1000)",Gaudia
E47_7_720.83,E47_7,503.60,720.83,,363.01,,,363.01,503.60,0,"'
- Una linea de 363.01 grs. de fino: 503.6 grs de bruto x ley  (720.83/1000)",OrCash
E47_8_355,E47_8,0.35,355.00,9,0.12,,,0.12,0.35,0,"'
- Una linea de 0.12 grs. de fino: 0.35 grs de bruto x ley 9 kts (355/1000)",La Milla d'Or
E47_8_565,E47_8,91.75,565.00,14,51.84,,,51.84,91.75,0,"'
- Una linea de 51.84 grs. de fino: 91.75 grs de bruto x ley 14 kts (565/1000)",La Milla d'Or
E47_8_730,E47_8,714.70,730.00,18,521.73,,,521.73,714.70,0,"'
- Una linea de 521.73 grs. de fino: 714.7 grs de bruto x ley 18 kts (730/1000)",La Milla d'Or
E47_8_780,E47_8,54.21,780.00,19,42.28,,,42.28,54.21,0,"'
- Una linea de 42.28 grs. de fino: 54.21 grs de bruto x ley 19 kts (780/1000)",La Milla d'Or
E47_8_896,E47_8,6.30,896.00,22,5.64,,,5.64,6.30,0,"'
- Una linea de 5.64 grs. de fino: 6.3 grs de bruto x ley 22 kts (896/1000)",La Milla d'Or
E47_8_999,E47_8,2.84,999.00,24,2.84,,,2.84,2.84,0,"'
- Una linea de 2.84 grs. de fino: 2.84 grs de bruto x ley 24 kts (999/1000)",La Milla d'Or
E47_8_313,E47_8,4.81,313.00,8,1.51,,,1.51,4.81,0,"'
- Una linea de 1.51 grs. de fino: 4.81 grs de bruto x ley 8 kts (313/1000)",La Milla d'Or
E47_10_708,E47_10,279.34,708.00,17,197.77,,,197.77,279.34,0,"'
- Una linea de 197.77 grs. de fino: 279.34 grs de bruto x ley 17 kts (708/1000)",Gaudia
E47_9_727.5,E47_9,477.70,727.50,,347.53,,,347.53,477.70,0,"'
- Una linea de 347.53 grs. de fino: 477.7 grs de bruto x ley  (727.5/1000)",OrCash
E47_11_458,E47_11,15.71,458.00,11,7.20,,,7.20,15.71,0,"'
- Una linea de 7.2 grs. de fino: 15.71 grs de bruto x ley 11 kts (458/1000)",Gaudia
E47_11_708,E47_11,184.70,708.00,17,130.77,,,130.77,184.70,0,"'
- Una linea de 130.77 grs. de fino: 184.7 grs de bruto x ley 17 kts (708/1000)",Gaudia
E47_11_666,E47_11,108.19,666.00,16,72.05,,,72.05,108.19,0,"'
- Una linea de 72.05 grs. de fino: 108.19 grs de bruto x ley 16 kts (666/1000)",Gaudia
E47_12_730,E47_12,483.20,730.00,18,352.74,,,352.74,483.20,0,"'
- Una linea de 352.74 grs. de fino: 483.2 grs de bruto x ley 18 kts (730/1000)",Gemma d'Or
E47_12_999,E47_12,14.00,999.00,24,13.99,,,13.99,14.00,0,"'
- Una linea de 13.99 grs. de fino: 14 grs de bruto x ley 24 kts (999/1000)",Gemma d'Or
E47_12_900,E47_12,27.60,900.00,22,24.84,,,24.84,27.60,0,"'
- Una linea de 24.84 grs. de fino: 27.6 grs de bruto x ley 22 kts (900/1000)",Gemma d'Or
E47_13_708,E47_13,289.30,708.00,17,204.82,,,204.82,289.30,0,"'
- Una linea de 204.82 grs. de fino: 289.3 grs de bruto x ley 17 kts (708/1000)",Gaudia
E47_13_999,E47_13,50.00,999.00,24,49.95,,,49.95,50.00,0,"'
- Una linea de 49.95 grs. de fino: 50 grs de bruto x ley 24 kts (999/1000)",Gaudia
E47_14_791,E47_14,897.70,791.00,19,710.08,,,710.08,897.70,0,"'
- Una linea de 710.08 grs. de fino: 897.7 grs de bruto x ley 19 kts (791/1000)",Gaudia
E47_15_710,E47_15,294.33,710.00,,208.97,,,208.97,294.33,0,"'
- Una linea de 208.97 grs. de fino: 294.33 grs de bruto x ley  (710/1000)",Nova Joia
E47_15_626,E47_15,60.14,626.00,,37.65,,,37.65,60.14,0,"'
- Una linea de 37.65 grs. de fino: 60.14 grs de bruto x ley  (626/1000)",Nova Joia
E47_15_540,E47_15,1.55,540.00,,0.84,,,0.84,1.55,0,"'
- Una linea de 0.84 grs. de fino: 1.55 grs de bruto x ley  (540/1000)",Nova Joia
E47_16_733.21,E47_16,335.50,733.21,,245.99,,,245.99,335.50,0,"'
- Una linea de 245.99 grs. de fino: 335.5 grs de bruto x ley  (733.21/1000)",OrCash
E47_17_733.21,E47_17,528.10,733.21,,387.21,,,387.21,528.10,0,"'
- Una linea de 387.21 grs. de fino: 528.1 grs de bruto x ley  (733.21/1000)",OrCash
E47_18_733.21,E47_18,631.97,733.21,,463.37,,,463.37,631.97,0,"'
- Una linea de 463.37 grs. de fino: 631.97 grs de bruto x ley  (733.21/1000)",OrCash
E47_19_708,E47_19,412.22,708.00,,291.85,,,291.85,412.22,0,"'
- Una linea de 291.85 grs. de fino: 412.22 grs de bruto x ley  (708/1000)",Gaudia
E48_9_730,E48_9,121.10,730.00,,88.40,,,88.40,121.10,0,"'
- Una linea de 88.4 grs. de fino: 121.1 grs de bruto x ley  (730/1000)",Gemma d'Or
E48_1_917,E48_1,6.91,917.00,,6.34,,,6.34,6.91,0,"'
- Una linea de 6.34 grs. de fino: 6.91 grs de bruto x ley  (917/1000)",Nova Joia
E48_1_900,E48_1,122.40,900.00,,110.16,,,110.16,122.40,0,"'
- Una linea de 110.16 grs. de fino: 122.4 grs de bruto x ley  (900/1000)",Nova Joia
E48_1_710,E48_1,170.36,710.00,,120.96,,,120.96,170.36,0,"'
- Una linea de 120.96 grs. de fino: 170.36 grs de bruto x ley  (710/1000)",Nova Joia
E48_2_708,E48_2,349.34,708.00,,247.33,,,247.33,349.34,0,"'
- Una linea de 247.33 grs. de fino: 349.34 grs de bruto x ley  (708/1000)",Gaudia
E48_4_780,E48_4,43.90,780.00,19,34.24,,,34.24,43.90,0,"'
- Una linea de 34.24 grs. de fino: 43.9 grs de bruto x ley 19 kts (780/1000)",La Milla d'Or
E48_4_730,E48_4,276.60,730.00,18,201.92,,,201.92,276.60,0,"'
- Una linea de 201.92 grs. de fino: 276.6 grs de bruto x ley 18 kts (730/1000)",La Milla d'Or
E48_4_565,E48_4,5.47,565.00,14,3.09,,,3.09,5.47,0,"'
- Una linea de 3.09 grs. de fino: 5.47 grs de bruto x ley 14 kts (565/1000)",La Milla d'Or
E48_4_1000,E48_4,-3.50,1000.00,,-3.50,,checked,0.00,0.00,0,"'
- Una linea de -3.5 grs. de fino: -3.5 grs de bruto x ley  (1000/1000)",La Milla d'Or
E48_3_710,E48_3,134.49,710.00,,95.49,,,95.49,134.49,0,"'
- Una linea de 95.49 grs. de fino: 134.49 grs de bruto x ley  (710/1000)",Nova Joia
E48_3_740,E48_3,29.33,740.00,,21.70,,,21.70,29.33,0,"'
- Una linea de 21.7 grs. de fino: 29.33 grs de bruto x ley  (740/1000)",Nova Joia
E48_10_565,E48_10,12.64,565.00,,7.14,,,7.14,12.64,0,"'
- Una linea de 7.14 grs. de fino: 12.64 grs de bruto x ley  (565/1000)",La Milla d'Or
E48_5_733,E48_5,545.50,733.00,,399.85,,,399.85,545.50,0,"'
- Una linea de 399.85 grs. de fino: 545.5 grs de bruto x ley  (733/1000)",OrCash
E48_6_791,E48_6,908.81,791.00,,718.87,,,718.87,908.81,0,"'
- Una linea de 718.87 grs. de fino: 908.81 grs de bruto x ley  (791/1000)",Gaudia
E48_7_708,E48_7,364.18,708.00,,257.84,,,257.84,364.18,0,"'
- Una linea de 257.84 grs. de fino: 364.18 grs de bruto x ley  (708/1000)",Gaudia
E48_8_737.5,E48_8,489.66,737.50,,361.12,,,361.12,489.66,0,"'
- Una linea de 361.12 grs. de fino: 489.66 grs de bruto x ley  (737.5/1000)",OrCash
E48_9_730,E48_9,150.50,730.00,,109.87,,,109.87,150.50,0,"'
- Una linea de 109.87 grs. de fino: 150.5 grs de bruto x ley  (730/1000)",Gemma d'Or
E48_9_880,E48_9,41.71,880.00,,36.70,,,36.70,41.71,0,"'
- Una linea de 36.7 grs. de fino: 41.71 grs de bruto x ley  (880/1000)",Gemma d'Or
E48_9_740,E48_9,11.10,740.00,,8.21,,,8.21,11.10,0,"'
- Una linea de 8.21 grs. de fino: 11.1 grs de bruto x ley  (740/1000)",Gemma d'Or
E48_9_360,E48_9,34.90,360.00,,12.56,,,12.56,34.90,0,"'
- Una linea de 12.56 grs. de fino: 34.9 grs de bruto x ley  (360/1000)",Gemma d'Or
E48_11_708,E48_11,242.48,708.00,,171.68,,,171.68,242.48,0,"'
- Una linea de 171.68 grs. de fino: 242.48 grs de bruto x ley  (708/1000)",Gaudia
E48_11_875,E48_11,60.92,875.00,,53.31,,,53.31,60.92,0,"'
- Una linea de 53.31 grs. de fino: 60.92 grs de bruto x ley  (875/1000)",Gaudia
E48_10_355,E48_10,2.35,355.00,,0.83,,,0.83,2.35,0,"'
- Una linea de 0.83 grs. de fino: 2.35 grs de bruto x ley  (355/1000)",La Milla d'Or
E48_10_313,E48_10,3.52,313.00,,1.10,,,1.10,3.52,0,"'
- Una linea de 1.1 grs. de fino: 3.52 grs de bruto x ley  (313/1000)",La Milla d'Or
E48_12_791,E48_12,2693.76,791.00,,2130.76,,,2130.76,2693.76,0,"'
- Una linea de 2130.76 grs. de fino: 2693.76 grs de bruto x ley  (791/1000)",Gaudia
E48_13_750,E48_13,15.24,750.00,,11.43,,,11.43,15.24,0,"'
- Una linea de 11.43 grs. de fino: 15.24 grs de bruto x ley  (750/1000)",Nova Joia
E48_13_710,E48_13,503.77,710.00,,357.68,,,357.68,503.77,0,"'
- Una linea de 357.68 grs. de fino: 503.77 grs de bruto x ley  (710/1000)",Nova Joia
E48_13_335,E48_13,1.12,335.00,,0.38,,,0.38,1.12,0,"'
- Una linea de 0.38 grs. de fino: 1.12 grs de bruto x ley  (335/1000)",Nova Joia
E49_1_708,E49_1,309.65,708.00,,219.23,,,219.23,309.65,0,"'
- Una linea de 219.23 grs. de fino: 309.65 grs de bruto x ley  (708/1000)",Gaudia
E49_2_604.17,E49_2,106.78,604.17,,64.51,,,64.51,106.78,0,"'
- Una linea de 64.51 grs. de fino: 106.78 grs de bruto x ley  (604.17/1000)",OrCash
E49_2_650,E49_2,102.37,650.00,,66.54,,,66.54,102.37,0,"'
- Una linea de 66.54 grs. de fino: 102.37 grs de bruto x ley  (650/1000)",OrCash
E48_5_929.16,E48_5,284.14,929.16,,264.01,,,264.01,284.14,0,"'
- Una linea de 264.01 grs. de fino: 284.14 grs de bruto x ley  (929.16/1000)",OrCash
E48_5_716.66,E48_5,434.97,716.66,,311.73,,,311.73,434.97,0,"'
- Una linea de 311.73 grs. de fino: 434.97 grs de bruto x ley  (716.66/1000)",OrCash
E48_8_720.83,E48_8,497.79,720.83,,358.82,,,358.82,497.79,0,"'
- Una linea de 358.82 grs. de fino: 497.79 grs de bruto x ley  (720.83/1000)",OrCash
E49_3_708,E49_3,210.53,708.00,,149.06,,,149.06,210.53,0,"'
- Una linea de 149.06 grs. de fino: 210.53 grs de bruto x ley  (708/1000)",Gaudia
E49_3_875,E49_3,204.25,875.00,,178.72,,,178.72,204.25,0,"'
- Una linea de 178.72 grs. de fino: 204.25 grs de bruto x ley  (875/1000)",Gaudia
E49_4_875,E49_4,256.44,875.00,,224.39,,,224.39,256.44,0,"'
- Una linea de 224.39 grs. de fino: 256.44 grs de bruto x ley  (875/1000)",Gaudia
E49_5_780,E49_5,1.00,780.00,,0.78,,,0.78,1.00,0,"'
- Una linea de 0.78 grs. de fino: 1 grs de bruto x ley  (780/1000)",La Milla d'Or
E49_5_730,E49_5,390.10,730.00,,284.77,,,284.77,390.10,0,"'
- Una linea de 284.77 grs. de fino: 390.1 grs de bruto x ley  (730/1000)",La Milla d'Or
E49_5_565,E49_5,0.31,565.00,,0.18,,,0.18,0.31,0,"'
- Una linea de 0.18 grs. de fino: 0.31 grs de bruto x ley  (565/1000)",La Milla d'Or
E49_5_313,E49_5,1.43,313.00,,0.45,,,0.45,1.43,0,"'
- Una linea de 0.45 grs. de fino: 1.43 grs de bruto x ley  (313/1000)",La Milla d'Or
E49_6_710,E49_6,300.64,710.00,,213.45,,,213.45,300.64,0,"'
- Una linea de 213.45 grs. de fino: 300.64 grs de bruto x ley  (710/1000)",Nova Joia
E49_6_666,E49_6,13.57,666.00,,9.04,,,9.04,13.57,0,"'
- Una linea de 9.04 grs. de fino: 13.57 grs de bruto x ley  (666/1000)",Nova Joia
E49_6_540,E49_6,50.38,540.00,,27.21,,,27.21,50.38,0,"'
- Una linea de 27.21 grs. de fino: 50.38 grs de bruto x ley  (540/1000)",Nova Joia
E49_6_750,E49_6,21.63,750.00,,16.22,,,16.22,21.63,0,"'
- Una linea de 16.22 grs. de fino: 21.63 grs de bruto x ley  (750/1000)",Nova Joia
E49_6_900,E49_6,26.58,900.00,,23.92,,,23.92,26.58,0,"'
- Una linea de 23.92 grs. de fino: 26.58 grs de bruto x ley  (900/1000)",Nova Joia
E49_7_740,E49_7,194.75,740.00,,144.12,,,144.12,194.75,0,"'
- Una linea de 144.12 grs. de fino: 194.75 grs de bruto x ley  (740/1000)",Gemma d'Or
E49_8_745.83,E49_8,436.23,745.83,,325.35,,,325.35,436.23,0,"'
- Una linea de 325.35 grs. de fino: 436.23 grs de bruto x ley  (745.83/1000)",OrCash
E49_9_708,E49_9,312.80,708.00,17,221.46,,,221.46,312.80,0,"'
- Una linea de 221.46 grs. de fino: 312.8 grs de bruto x ley 17 kts (708/1000)",Gaudia
E49_10_896,E49_10,7.96,896.00,,7.13,,,7.13,7.96,0,"'
- Una linea de 7.13 grs. de fino: 7.96 grs de bruto x ley  (896/1000)",La Milla d'Or
E49_10_780,E49_10,2.04,780.00,,1.59,,,1.59,2.04,0,"'
- Una linea de 1.59 grs. de fino: 2.04 grs de bruto x ley  (780/1000)",La Milla d'Or
E49_10_730,E49_10,592.19,730.00,,432.30,,,432.30,592.19,0,"'
- Una linea de 432.3 grs. de fino: 592.19 grs de bruto x ley  (730/1000)",La Milla d'Or
E49_10_646,E49_10,2.40,646.00,,1.55,,,1.55,2.40,0,"'
- Una linea de 1.55 grs. de fino: 2.4 grs de bruto x ley  (646/1000)",La Milla d'Or
E49_10_565,E49_10,15.09,565.00,,8.53,,,8.53,15.09,0,"'
- Una linea de 8.53 grs. de fino: 15.09 grs de bruto x ley  (565/1000)",La Milla d'Or
E49_10_355,E49_10,0.36,355.00,,0.13,,,0.13,0.36,0,"'
- Una linea de 0.13 grs. de fino: 0.36 grs de bruto x ley  (355/1000)",La Milla d'Or
E49_10_1000,E49_10,-3.50,1000.00,,-3.50,,checked,0.00,0.00,0,"'
- Una linea de -3.5 grs. de fino: -3.5 grs de bruto x ley  (1000/1000)",La Milla d'Or
E49_11_1000,E49_11,1000.00,1000.00,,1000.00,,,1000.00,1000.00,0,"'
- Una linea de 1000 grs. de fino: 1000 grs de bruto x ley  (1000/1000)",Gaudia
E49_12_708,E49_12,301.18,708.00,,213.24,,,213.24,301.18,0,"'
- Una linea de 213.24 grs. de fino: 301.18 grs de bruto x ley  (708/1000)",Gaudia
E49_13_665,E49_13,23.00,665.00,,15.30,,,15.30,23.00,0,"'
- Una linea de 15.3 grs. de fino: 23 grs de bruto x ley  (665/1000)",Nova Joia
E49_13_540,E49_13,17.84,540.00,,9.63,,,9.63,17.84,0,"'
- Una linea de 9.63 grs. de fino: 17.84 grs de bruto x ley  (540/1000)",Nova Joia
E49_13_710,E49_13,469.40,710.00,,333.27,,,333.27,469.40,0,"'
- Una linea de 333.27 grs. de fino: 469.4 grs de bruto x ley  (710/1000)",Nova Joia
E49_13_700,E49_13,40.77,700.00,,28.54,,,28.54,40.77,0,"'
- Una linea de 28.54 grs. de fino: 40.77 grs de bruto x ley  (700/1000)",Nova Joia
E49_14_708,E49_14,269.34,708.00,,190.69,,,190.69,269.34,0,"'
- Una linea de 190.69 grs. de fino: 269.34 grs de bruto x ley  (708/1000)",Gaudia
E49_15_737,E49_15,154.12,737.00,,113.59,,,113.59,154.12,0,"'
- Una linea de 113.59 grs. de fino: 154.12 grs de bruto x ley  (737/1000)",Alquimia
E49_15_741,E49_15,38.05,741.00,,28.20,,,28.20,38.05,0,"'
- Una linea de 28.2 grs. de fino: 38.05 grs de bruto x ley  (741/1000)",Alquimia
E49_16_999,E49_16,4.99,999.00,,4.99,,,4.99,4.99,0,"'
- Una linea de 4.99 grs. de fino: 4.99 grs de bruto x ley  (999/1000)",La Milla d'Or
E49_16_780,E49_16,5.06,780.00,,3.95,,,3.95,5.06,0,"'
- Una linea de 3.95 grs. de fino: 5.06 grs de bruto x ley  (780/1000)",La Milla d'Or
E49_16_730,E49_16,384.09,730.00,,280.39,,,280.39,384.09,0,"'
- Una linea de 280.39 grs. de fino: 384.09 grs de bruto x ley  (730/1000)",La Milla d'Or
E49_16_565,E49_16,12.65,565.00,,7.15,,,7.15,12.65,0,"'
- Una linea de 7.15 grs. de fino: 12.65 grs de bruto x ley  (565/1000)",La Milla d'Or
E49_16_355,E49_16,4.55,355.00,,1.62,,,1.62,4.55,0,"'
- Una linea de 1.62 grs. de fino: 4.55 grs de bruto x ley  (355/1000)",La Milla d'Or
E49_17_750,E49_17,252.76,750.00,,189.57,,,189.57,252.76,0,"'
- Una linea de 189.57 grs. de fino: 252.76 grs de bruto x ley  (750/1000)",Gaudia
E49_18_729.17,E49_18,544.45,729.17,,397.00,,,397.00,544.45,0,"'
- Una linea de 397 grs. de fino: 544.45 grs de bruto x ley  (729.17/1000)",OrCash
E49_19_695.83,E49_19,518.14,695.83,,360.54,,,360.54,518.14,0,"'
- Una linea de 360.54 grs. de fino: 518.14 grs de bruto x ley  (695.83/1000)",OrCash
E49_20_710,E49_20,308.80,710.00,,219.25,,,219.25,308.80,0,"'
- Una linea de 219.25 grs. de fino: 308.8 grs de bruto x ley  (710/1000)",Nova Joia
E50_1_708,E50_1,262.85,708.00,,186.10,,,186.10,262.85,0,"'
- Una linea de 186.1 grs. de fino: 262.85 grs de bruto x ley  (708/1000)",Gaudia
E50_1_875,E50_1,141.94,875.00,,124.20,,,124.20,141.94,0,"'
- Una linea de 124.2 grs. de fino: 141.94 grs de bruto x ley  (875/1000)",Gaudia
E50_2_1000,E50_2,403.60,1000.00,,403.60,,,403.60,403.60,0,"'
- Una linea de 403.6 grs. de fino: 403.6 grs de bruto x ley  (1000/1000)",Gemma d'Or
E50_3_910,E50_3,161.10,910.00,,146.60,,,146.60,161.10,0,"'
- Una linea de 146.6 grs. de fino: 161.1 grs de bruto x ley  (910/1000)",Gemma d'Or
E50_4_708,E50_4,208.40,708.00,,147.55,,,147.55,208.40,0,"'
- Una linea de 147.55 grs. de fino: 208.4 grs de bruto x ley  (708/1000)",Gaudia
E50_6_780,E50_6,3.36,780.00,,2.62,,,2.62,3.36,0,"'
- Una linea de 2.62 grs. de fino: 3.36 grs de bruto x ley  (780/1000)",La Milla d'Or
E50_6_730,E50_6,338.71,730.00,,247.26,,,247.26,338.71,0,"'
- Una linea de 247.26 grs. de fino: 338.71 grs de bruto x ley  (730/1000)",La Milla d'Or
E50_6_1000,E50_6,-10.00,1000.00,,-10.00,,checked,0.00,0.00,0,"'
- Una linea de -10 grs. de fino: -10 grs de bruto x ley  (1000/1000)",La Milla d'Or
E50_7_720,E50_7,235.90,720.00,,169.85,,,169.85,235.90,0,"'
- Una linea de 169.85 grs. de fino: 235.9 grs de bruto x ley  (720/1000)",Gemma d'Or
E50_8_896,E50_8,26.05,896.00,,23.34,,,23.34,26.05,0,"'
- Una linea de 23.34 grs. de fino: 26.05 grs de bruto x ley  (896/1000)",La Milla d'Or
E50_8_780,E50_8,7.09,780.00,,5.53,,,5.53,7.09,0,"'
- Una linea de 5.53 grs. de fino: 7.09 grs de bruto x ley  (780/1000)",La Milla d'Or
E50_8_730,E50_8,209.41,730.00,,152.87,,,152.87,209.41,0,"'
- Una linea de 152.87 grs. de fino: 209.41 grs de bruto x ley  (730/1000)",La Milla d'Or
E50_5_708,E50_5,617.83,708.00,,437.42,,,437.42,617.83,0,"'
- Una linea de 437.42 grs. de fino: 617.83 grs de bruto x ley  (708/1000)",Gaudia
E50_9_908.33,E50_9,33.96,908.33,,30.85,,,30.85,33.96,0,"'
- Una linea de 30.85 grs. de fino: 33.96 grs de bruto x ley  (908.33/1000)",OrCash
E50_9_916.67,E50_9,34.52,916.67,,31.64,,,31.64,34.52,0,"'
- Una linea de 31.64 grs. de fino: 34.52 grs de bruto x ley  (916.67/1000)",OrCash
E50_9_883.33,E50_9,33.42,883.33,,29.52,,,29.52,33.42,0,"'
- Una linea de 29.52 grs. de fino: 33.42 grs de bruto x ley  (883.33/1000)",OrCash
E50_9_891.67,E50_9,16.67,891.67,,14.86,,,14.86,16.67,0,"'
- Una linea de 14.86 grs. de fino: 16.67 grs de bruto x ley  (891.67/1000)",OrCash
E50_9_862.5,E50_9,8.28,862.50,,7.14,,,7.14,8.28,0,"'
- Una linea de 7.14 grs. de fino: 8.28 grs de bruto x ley  (862.5/1000)",OrCash
E50_11_994,E50_11,76.30,994.00,,75.84,,,75.84,76.30,0,"'
- Una linea de 75.84 grs. de fino: 76.3 grs de bruto x ley  (994/1000)",Nova Joia
E50_11_710,E50_11,450.25,710.00,,319.68,,,319.68,450.25,0,"'
- Una linea de 319.68 grs. de fino: 450.25 grs de bruto x ley  (710/1000)",Nova Joia
E50_11_670,E50_11,81.41,670.00,,54.54,,,54.54,81.41,0,"'
- Una linea de 54.54 grs. de fino: 81.41 grs de bruto x ley  (670/1000)",Nova Joia
E50_11_650,E50_11,17.63,650.00,,11.46,,,11.46,17.63,0,"'
- Una linea de 11.46 grs. de fino: 17.63 grs de bruto x ley  (650/1000)",Nova Joia
E50_11_540,E50_11,9.79,540.00,,5.29,,,5.29,9.79,0,"'
- Una linea de 5.29 grs. de fino: 9.79 grs de bruto x ley  (540/1000)",Nova Joia
E50_12_708,E50_12,445.88,708.00,,315.68,,,315.68,445.88,0,"'
- Una linea de 315.68 grs. de fino: 445.88 grs de bruto x ley  (708/1000)",Gaudia
E50_13_720,E50_13,394.70,720.00,,284.18,,,284.18,394.70,0,"'
- Una linea de 284.18 grs. de fino: 394.7 grs de bruto x ley  (720/1000)",Gemma d'Or
E50_13_580,E50_13,6.80,580.00,,3.94,,,3.94,6.80,0,"'
- Una linea de 3.94 grs. de fino: 6.8 grs de bruto x ley  (580/1000)",Gemma d'Or
E51_1_702,E51_1,35.00,702.00,,24.57,,,24.57,35.00,0,"'
- Una linea de 24.57 grs. de fino: 35 grs de bruto x ley  (702/1000)",Alquimia
E51_1_900,E51_1,22.56,900.00,,20.30,,,20.30,22.56,0,"'
- Una linea de 20.3 grs. de fino: 22.56 grs de bruto x ley  (900/1000)",Alquimia
E50_15_729.17,E50_15,599.46,729.17,,437.11,,,437.11,599.46,0,"'
- Una linea de 437.11 grs. de fino: 599.46 grs de bruto x ley  (729.17/1000)",OrCash
E50_16_740,E50_16,19.21,740.00,,14.22,,,14.22,19.21,0,"'
- Una linea de 14.22 grs. de fino: 19.21 grs de bruto x ley  (740/1000)",Nova Joia
E50_16_710,E50_16,314.10,710.00,,223.01,,,223.01,314.10,0,"'
- Una linea de 223.01 grs. de fino: 314.1 grs de bruto x ley  (710/1000)",Nova Joia
E50_18_912,E50_18,201.77,912.00,,184.01,,,184.01,201.77,0,"'
- Una linea de 184.01 grs. de fino: 201.77 grs de bruto x ley  (912/1000)",OrCash
E50_19_912,E50_19,644.20,912.00,,587.51,,,587.51,644.20,0,"'
- Una linea de 587.51 grs. de fino: 644.2 grs de bruto x ley  (912/1000)",OrCash
E50_17_720,E50_17,186.00,720.00,,133.92,,,133.92,186.00,0,"'
- Una linea de 133.92 grs. de fino: 186 grs de bruto x ley  (720/1000)",Gemma d'Or
E50_21_896,E50_21,22.84,896.00,,20.46,,,20.46,22.84,0,"'
- Una linea de 20.46 grs. de fino: 22.84 grs de bruto x ley  (896/1000)",La Milla d'Or
E50_21_780,E50_21,41.23,780.00,,32.16,,,32.16,41.23,0,"'
- Una linea de 32.16 grs. de fino: 41.23 grs de bruto x ley  (780/1000)",La Milla d'Or
E50_21_730,E50_21,520.79,730.00,,380.18,,,380.18,520.79,0,"'
- Una linea de 380.18 grs. de fino: 520.79 grs de bruto x ley  (730/1000)",La Milla d'Or
E50_21_565,E50_21,4.28,565.00,,2.42,,,2.42,4.28,0,"'
- Una linea de 2.42 grs. de fino: 4.28 grs de bruto x ley  (565/1000)",La Milla d'Or
E50_21_500,E50_21,3.90,500.00,,1.95,,,1.95,3.90,0,"'
- Una linea de 1.95 grs. de fino: 3.9 grs de bruto x ley  (500/1000)",La Milla d'Or
E50_21_355,E50_21,3.19,355.00,,1.13,,,1.13,3.19,0,"'
- Una linea de 1.13 grs. de fino: 3.19 grs de bruto x ley  (355/1000)",La Milla d'Or
E50_10_879.17,E50_10,27.00,879.17,,23.74,,,23.74,27.00,0,"'
- Una linea de 23.74 grs. de fino: 27 grs de bruto x ley  (879.17/1000)",OrCash
E50_10_887.5,E50_10,27.08,887.50,,24.03,,,24.03,27.08,0,"'
- Una linea de 24.03 grs. de fino: 27.08 grs de bruto x ley  (887.5/1000)",OrCash
E50_10_862.5,E50_10,13.54,862.50,,11.68,,,11.68,13.54,0,"'
- Una linea de 11.68 grs. de fino: 13.54 grs de bruto x ley  (862.5/1000)",OrCash
E50_10_879.17,E50_10,8.07,879.17,,7.09,,,7.09,8.07,0,"'
- Una linea de 7.09 grs. de fino: 8.07 grs de bruto x ley  (879.17/1000)",OrCash
E50_10_875,E50_10,8.06,875.00,,7.05,,,7.05,8.06,0,"'
- Una linea de 7.05 grs. de fino: 8.06 grs de bruto x ley  (875/1000)",OrCash
E50_10_912.5,E50_10,7.98,912.50,,7.28,,,7.28,7.98,0,"'
- Una linea de 7.28 grs. de fino: 7.98 grs de bruto x ley  (912.5/1000)",OrCash
E50_20_912,E50_20,644.20,912.00,,587.51,,,587.51,644.20,0,"'
- Una linea de 587.51 grs. de fino: 644.2 grs de bruto x ley  (912/1000)",OrCash
E50_23_1000,E50_23,950.00,1000.00,,950.00,,,950.00,950.00,0,"'
- Una linea de 950 grs. de fino: 950 grs de bruto x ley  (1000/1000)",Mador stock
E50_22_720,E50_22,137.50,720.00,,99.00,,,99.00,137.50,0,"'
- Una linea de 99 grs. de fino: 137.5 grs de bruto x ley  (720/1000)",Gemma d'Or
E50_22_720,E50_22,76.20,720.00,,54.86,,,54.86,76.20,0,"'
- Una linea de 54.86 grs. de fino: 76.2 grs de bruto x ley  (720/1000)",Gemma d'Or
E50_24_720.83,E50_24,230.36,720.83,,166.05,,,166.05,230.36,0,"'
- Una linea de 166.05 grs. de fino: 230.36 grs de bruto x ley  (720.83/1000)",OrCash
E51_2_708,E51_2,423.01,708.00,,299.49,,,299.49,423.01,0,"'
- Una linea de 299.49 grs. de fino: 423.01 grs de bruto x ley  (708/1000)",Gaudia
E51_3_780,E51_3,61.51,780.00,,47.98,,,47.98,61.51,0,"'
- Una linea de 47.98 grs. de fino: 61.51 grs de bruto x ley  (780/1000)",La Milla d'Or
E51_3_730,E51_3,375.86,730.00,,274.38,,,274.38,375.86,0,"'
- Una linea de 274.38 grs. de fino: 375.86 grs de bruto x ley  (730/1000)",La Milla d'Or
E51_3_565,E51_3,58.35,565.00,,32.97,,,32.97,58.35,0,"'
- Una linea de 32.97 grs. de fino: 58.35 grs de bruto x ley  (565/1000)",La Milla d'Or
E51_3_355,E51_3,1.61,355.00,,0.57,,,0.57,1.61,0,"'
- Una linea de 0.57 grs. de fino: 1.61 grs de bruto x ley  (355/1000)",La Milla d'Or
E51_4_720,E51_4,172.30,720.00,,124.06,,,124.06,172.30,0,"'
- Una linea de 124.06 grs. de fino: 172.3 grs de bruto x ley  (720/1000)",Gemma d'Or
E51_4_720,E51_4,121.30,720.00,,87.34,,,87.34,121.30,0,"'
- Una linea de 87.34 grs. de fino: 121.3 grs de bruto x ley  (720/1000)",Gemma d'Or
E51_5_720.83,E51_5,283.07,720.83,,204.05,,,204.05,283.07,0,"'
- Una linea de 204.05 grs. de fino: 283.07 grs de bruto x ley  (720.83/1000)",OrCash
E51_6_737.5,E51_6,453.88,737.50,,334.74,,,334.74,453.88,0,"'
- Una linea de 334.74 grs. de fino: 453.88 grs de bruto x ley  (737.5/1000)",OrCash
E51_8_708,E51_8,764.19,708.00,,541.05,,,541.05,764.19,0,"'
- Una linea de 541.05 grs. de fino: 764.19 grs de bruto x ley  (708/1000)",Gaudia
E51_10_710,E51_10,576.61,710.00,,409.39,,,409.39,576.61,0,"'
- Una linea de 409.39 grs. de fino: 576.61 grs de bruto x ley  (710/1000)",Nova Joia
E51_10_666,E51_10,43.36,666.00,,28.88,,,28.88,43.36,0,"'
- Una linea de 28.88 grs. de fino: 43.36 grs de bruto x ley  (666/1000)",Nova Joia
E51_10_540,E51_10,4.33,540.00,,2.34,,,2.34,4.33,0,"'
- Una linea de 2.34 grs. de fino: 4.33 grs de bruto x ley  (540/1000)",Nova Joia
E51_7_770,E51_7,254.70,770.00,,196.12,,,196.12,254.70,0,"'
- Una linea de 196.12 grs. de fino: 254.7 grs de bruto x ley  (770/1000)",Gemma d'Or
E51_7_1000,E51_7,-4.15,1000.00,,-4.15,,,-4.15,-4.15,0,"'
- Una linea de -4.15 grs. de fino: -4.15 grs de bruto x ley  (1000/1000)",Gemma d'Or
E51_12_896,E51_12,9.02,896.00,,8.08,,,8.08,9.02,0,"'
- Una linea de 8.08 grs. de fino: 9.02 grs de bruto x ley  (896/1000)",La Milla d'Or
E51_12_780,E51_12,14.47,780.00,,11.29,,,11.29,14.47,0,"'
- Una linea de 11.29 grs. de fino: 14.47 grs de bruto x ley  (780/1000)",La Milla d'Or
E51_12_730,E51_12,270.82,730.00,,197.70,,,197.70,270.82,0,"'
- Una linea de 197.7 grs. de fino: 270.82 grs de bruto x ley  (730/1000)",La Milla d'Or
E51_12_646,E51_12,6.74,646.00,,4.35,,,4.35,6.74,0,"'
- Una linea de 4.35 grs. de fino: 6.74 grs de bruto x ley  (646/1000)",La Milla d'Or
E51_12_565,E51_12,1.80,565.00,,1.02,,,1.02,1.80,0,"'
- Una linea de 1.02 grs. de fino: 1.8 grs de bruto x ley  (565/1000)",La Milla d'Or
E51_12_355,E51_12,1.04,355.00,,0.37,,,0.37,1.04,0,"'
- Una linea de 0.37 grs. de fino: 1.04 grs de bruto x ley  (355/1000)",La Milla d'Or
E51_12_1000,E51_12,-5.00,1000.00,,-5.00,,checked,0.00,0.00,0,"'
- Una linea de -5 grs. de fino: -5 grs de bruto x ley  (1000/1000)",La Milla d'Or
E51_9_716.67,E51_9,299.33,716.67,,214.52,,,214.52,299.33,0,"'
- Una linea de 214.52 grs. de fino: 299.33 grs de bruto x ley  (716.67/1000)",OrCash
E51_11_720.83,E51_11,178.29,720.83,,128.52,,,128.52,178.29,0,"'
- Una linea de 128.52 grs. de fino: 178.29 grs de bruto x ley  (720.83/1000)",OrCash
E51_13_725,E51_13,562.99,725.00,,408.17,,,408.17,562.99,0,"'
- Una linea de 408.17 grs. de fino: 562.99 grs de bruto x ley  (725/1000)",OrCash
E51_15_650,E51_15,226.40,650.00,,147.16,,,147.16,226.40,0,"'
- Una linea de 147.16 grs. de fino: 226.4 grs de bruto x ley  (650/1000)",Gemma d'Or
E51_14_708,E51_14,509.88,708.00,,361.00,,,361.00,509.88,0,"'
- Una linea de 361 grs. de fino: 509.88 grs de bruto x ley  (708/1000)",Gaudia
E51_16_996.6,E51_16,999.93,996.60,,996.53,,,996.53,999.93,0,"'
- Una linea de 996.53 grs. de fino: 999.93 grs de bruto x ley  (996.6/1000)",Gaudia
_999,,2.53,999.00,,2.53,,,2.53,2.53,0,"'
- Una linea de 2.53 grs. de fino: 2.53 grs de bruto x ley  (999/1000)",
_780,,80.66,780.00,,62.91,,,62.91,80.66,0,"'
- Una linea de 62.91 grs. de fino: 80.66 grs de bruto x ley  (780/1000)",
_730,,443.30,730.00,,323.61,,,323.61,443.30,0,"'
- Una linea de 323.61 grs. de fino: 443.3 grs de bruto x ley  (730/1000)",
_565,,12.41,565.00,,7.01,,,7.01,12.41,0,"'
- Una linea de 7.01 grs. de fino: 12.41 grs de bruto x ley  (565/1000)",
_355,,8.02,355.00,,2.85,,,2.85,8.02,0,"'
- Una linea de 2.85 grs. de fino: 8.02 grs de bruto x ley  (355/1000)",
E51_17_999,E51_17,2.53,999.00,,2.53,,,2.53,2.53,0,"'
- Una linea de 2.53 grs. de fino: 2.53 grs de bruto x ley  (999/1000)",La Milla d'Or
E51_17_780,E51_17,80.66,780.00,,62.91,,,62.91,80.66,0,"'
- Una linea de 62.91 grs. de fino: 80.66 grs de bruto x ley  (780/1000)",La Milla d'Or
E51_17_730,E51_17,443.30,730.00,,323.61,,,323.61,443.30,0,"'
- Una linea de 323.61 grs. de fino: 443.3 grs de bruto x ley  (730/1000)",La Milla d'Or
E51_17_565,E51_17,12.41,565.00,,7.01,,,7.01,12.41,0,"'
- Una linea de 7.01 grs. de fino: 12.41 grs de bruto x ley  (565/1000)",La Milla d'Or
E51_17_355,E51_17,8.02,355.00,,2.85,,,2.85,8.02,0,"'
- Una linea de 2.85 grs. de fino: 8.02 grs de bruto x ley  (355/1000)",La Milla d'Or