,,,,,,,,,,,,,,,,,,,
,,,,,,,,,,,,,,,,,,,
,ENTREGA,peso,precio,importe,Nº fra,fecha cierre,Peso cerrado,Peso Devuelto,Exportación,entrega terminada?,pagado,DEVOLUCIÓN,FILTER,Base OT,Base grs,p. cl calculo,p. jofisa,imp. Jofisa,MGN
NJ,23/feb/23,100,"59,18",5918,2023-19,3/03/2023,100,0,,Finalizado,TRUE,FALSE,TRUE,"1736,318868","55,83","59,18","56,08",5608,
NJ,23/feb/23,100,"61,54",6154,2023-28,19/04/2023,100,0,,Finalizado,TRUE,FALSE,TRUE,"1805,560377","58,06","61,55","58,31",5831,
NJ,23/feb/23,100,"62,02",6202,2023-29,20/04/2023,100,0,,Finalizado,TRUE,FALSE,TRUE,"1819,643396","58,51","62,03","58,76",5876,
NJ,23/feb/23,100,"62,32",6232,2023-35,25/05/2023,100,0,,Finalizado,TRUE,FALSE,TRUE,"1828,445283","58,79","62,32","59,04",5904,
NJ,23/feb/23,100,"61,97",6197,2023-37,5/06/2023,100,0,,Finalizado,TRUE,FALSE,TRUE,"1818,176415","58,46","61,97","58,71",5871,
NJ,23/feb/23,100,"62,23",6223,2023-38,9/06/2023,100,0,,Finalizado,TRUE,FALSE,TRUE,"1825,804717","58,71","62,24","58,96",5896,
NJ,23/feb/23,50,"58,72",2936,2023-16,24/02/2023,50,0,,Finalizado,TRUE,FALSE,TRUE,"1722,822642","55,4","58,73","55,65","2782,5",
NJ,23/feb/23,50,"58,72",2936,2023-16,24/02/2023,50,0,,Finalizado,TRUE,FALSE,TRUE,"1722,822642","55,4","58,73","55,65","2782,5",
NJ,23/feb/23,50,"58,73","2936,5",2023-17,24/02/2023,50,0,,Finalizado,TRUE,FALSE,TRUE,"1723,116038","55,4","58,73","55,65","2782,5",
NJ,23/feb/23,50,"62,75","3137,5",2023-25,13/04/2023,50,0,,Finalizado,TRUE,FALSE,TRUE,"1841,061321","59,2","62,76","59,45","2972,5",
NJ,23/feb/23,50,"62,46",3123,2023-27,17/04/2023,50,0,,Finalizado,TRUE,FALSE,TRUE,"1832,55283","58,92","62,46","59,17","2958,5",
NJ,23/feb/23,50,"61,25","3062,5",2023-30,25/04/2023,50,0,,Finalizado,TRUE,FALSE,TRUE,"1797,051887","57,78","61,25","58,03","2901,5",
NJ,23/feb/23,50,"62,68",3134,2023-33,9/05/2023,50,0,,Finalizado,TRUE,FALSE,TRUE,"1839,007547","59,13","62,68","59,38",2969,
NJ,23/feb/23,50,"60,43","3021,5",2023-41,21/06/2023,50,0,,Finalizado,TRUE,FALSE,TRUE,"1772,993396","57,01","60,44","57,26",2863,
NJ,23/feb/23,50,"60,43","3021,5",2023-41,21/06/2023,50,0,,Finalizado,TRUE,FALSE,TRUE,"1772,993396","57,01","60,44","57,26",2863,
NJ,23/feb/23,50,"59,87","2993,5",2023-43,30/06/2023,50,0,,Finalizado,TRUE,FALSE,TRUE,"1756,563208","56,48","59,87","56,73","2836,5",
NJ,23/feb/23,50,"60,12",3006,2023-44,3/07/2023,50,0,,Finalizado,TRUE,FALSE,TRUE,"1763,898113","56,72","60,13","56,97","2848,5",
NJ,23/feb/23,50,"60,19","3009,5",2023-45,5/07/2023,50,0,,Finalizado,TRUE,FALSE,TRUE,"1765,951887","56,78","60,19","57,03","2851,5",
NJ,23/feb/23,50,"59,26",2963,2023-49,17/08/2023,50,0,,Finalizado,TRUE,FALSE,TRUE,"1738,666038","55,9","59,26","56,15","2807,5",
NJ,6/jul/23,50,"61,52",3076,2023/69,20/11/2023,50,0,,Finalizado,TRUE,FALSE,TRUE,"1804,973585","58,04","61,53","58,29","2914,5",
NJ,6/jul/23,50,"61,52",3076,2023/69,20/11/2023,50,0,,Finalizado,TRUE,FALSE,TRUE,"1804,973585","58,04","61,53","58,29","2914,5",
NJ,6/jul/23,50,"61,52",3076,2023/69,20/11/2023,50,0,,Finalizado,TRUE,FALSE,TRUE,"1804,973585","58,04","61,53","58,29","2914,5",
NJ,6/jul/23,50,"61,52",3076,2023/69,20/11/2023,50,0,,Finalizado,TRUE,FALSE,TRUE,"1804,973585","58,04","61,53","58,29","2914,5",
NJ,6/jul/23,50,"61,52",3076,2023/69,20/11/2023,50,0,,Finalizado,TRUE,FALSE,TRUE,"1804,973585","58,04","61,53","58,29","2914,5",
NJ,stock,100,"63,39",6339,2024-01.pdf,8/01/2024,100,0,stock,Finalizado,TRUE,FALSE,TRUE,"1859,838679","59,8","63,39","60,05",6005,334
NJ,stock,100,"63,39",6339,2023-79.pdf,15/12/2023,100,0,stock,Finalizado,TRUE,FALSE,TRUE,"1859,838679","59,8","63,39","60,05",6005,334
NJ,stock,100,"64,01",6401,2024-19.pdf,26/02/2024,100,0,stock,Finalizado,TRUE,FALSE,TRUE,"1878,029245","60,39","64,02","60,64",6064,337
NJ,stock,100,"64,01",6401,2024-20.pdf,26/02/2024,100,0,stock,Finalizado,TRUE,FALSE,TRUE,"1878,029245","60,39","64,02","60,64",6064,337
NJ,stock,100,"67,84",6784,2024-26.pdf ,11/03/2024,100,0,stock,Finalizado,TRUE,FALSE,TRUE,"1990,4",64,"67,84","64,25",6425,359
NJ,stock,100,"75,85",7585,2024-41.pdf,17/04/2024,100,0,stock,Finalizado,TRUE,FALSE,TRUE,"2225,410377","71,55","75,85","71,8",7180,405
NJ,27/nov/23,50,"61,41","3070,5",2023-54,26/09/2023,50,0,,Finalizado,TRUE,FALSE,TRUE,"1801,746226","57,93","61,41","58,18",2909,"161,5"
NJ,27/nov/23,50,"60,66",3033,2023-55,28/09/2023,50,0,,Finalizado,TRUE,FALSE,TRUE,"1779,741509","57,22","60,66","57,47","2873,5","159,5"
NJ,27/nov/23,50,"60,14",3007,2023-56,29/09/2023,50,0,,Finalizado,TRUE,FALSE,TRUE,"1764,484906","56,73","60,14","56,98",2849,158
NJ,27/nov/23,50,"59,35","2967,5",2023-57,2/10/2023,50,0,,Finalizado,TRUE,FALSE,TRUE,"1741,306604","55,99","59,35","56,24",2812,"155,5"
NJ,12/dic/23,50,"63,34",3167,2024-15.pdf,13/02/2024,50,0,11-12,Finalizado,TRUE,FALSE,TRUE,"1858,28","59,75","63,34",60,3000,167
NJ,12/dic/23,50,"63,97","3198,5",2024-16.pdf,20/02/2024,50,0,11-12,Finalizado,TRUE,FALSE,TRUE,"1876,5","60,34","63,97","60,59","3029,5",169
NJ,12/dic/23,50,"63,72",3186,2024-17.pdf,22/02/2024,50,0,11-12,Finalizado,TRUE,FALSE,TRUE,"1869,4","60,11","63,72","60,36",3018,168
NJ,12/dic/23,50,"63,59","3179,5",2024-18.pdf,23/02/2024,50,0,11-12,Finalizado,TRUE,FALSE,TRUE,"1865,61","59,99","63,59","60,24",3012,"167,5"
NJ,12/dic/23,50,"63,59","3179,5",2024-18.pdf,23/02/2024,50,0,11-12,Finalizado,TRUE,FALSE,TRUE,"1882,9","60,54","64,18","60,24",3012,"167,5"
NJ,12/dic/23,50,"63,98",3199,2024-21.pdf,27/02/2024,50,0,11-12,Finalizado,TRUE,FALSE,TRUE,"1876,88","60,35","63,98","60,6",3030,169
NJ,12/dic/23,50,"63,98",3199,2024-21.pdf,27/02/2024,50,0,11-12,Finalizado,TRUE,FALSE,TRUE,"1877,65","60,37",64,"60,62",3031,168
NJ,12/dic/23,50,"67,72",3386,2024-27.pdf,13/03/2024,50,0,11-12,Finalizado,TRUE,FALSE,TRUE,"1986,58","63,88","67,72","64,13","3206,5","179,5"
NJ,28/feb/24,50,"67,72",3386,2024-27.pdf,13/03/2024,50,0,11-12,Finalizado,TRUE,FALSE,TRUE,"1986,58","63,88","67,72","64,13","3206,5","179,5"
NJ,28/feb/24,50,"67,74",3387,2024-31.pdf,19/03/2024,50,0,11-12,Finalizado,TRUE,FALSE,TRUE,"1987,37","63,9","67,74","64,15","3207,5","179,5"
NJ,28/feb/24,50,"73,9",3695,2024-47.pdf,24/04/2024,50,0,11-12,Finalizado,TRUE,FALSE,TRUE,2168,"69,71","73,9","69,96",3498,197
NJ,28/feb/24,50,"74,26",3713,2024-48.pdf,29/04/2024,50,0,11-12,Finalizado,TRUE,FALSE,TRUE,"2178,66","70,05","74,26","70,3",3515,198
NJ,28/feb/24,50,"72,99","3649,5",2024-52.pdf,3/05/2024,50,0,11-12,Finalizado,TRUE,FALSE,TRUE,"2141,41","68,85","72,99","69,1",3455,"194,5"
NJ,28/feb/24,50,"73,65","3682,5",2024-58.pdf,31/05/2024,50,0,11-12,Finalizado,TRUE,FALSE,TRUE,"2160,97","69,48","73,65","69,73","3486,5",196
NJ,28/feb/24,50,"74,85","3742,5",2024-74.pdf,29/07/2024,50,0,11-12,Finalizado,TRUE,FALSE,TRUE,"2196,08","70,61","74,85","70,86",3543,"199,5"
NJ,28/feb/24,50,"77,02",3851,2024-79.pdf,12/08/2024,50,0,11-12,Finalizado,TRUE,FALSE,TRUE,"2260,43","72,66","77,02","72,91","3645,5","205,5"
NJ,20/mar/24,100,"75,85",7585,2024-42.pdf,17/04/2024,100,0,19-3,Finalizado,TRUE,FALSE,TRUE,"2222,94","71,47","75,76","71,72",7172,413
NJ,20/mar/24,100,"75,85",7585,2024-43.pdf,17/04/2024,100,0,19-3,Finalizado,TRUE,FALSE,TRUE,"2222,94","71,47","75,76","71,72",7172,413
NJ,26/apr/24,50,"77,02",3851,2024-79.pdf,12/08/2024,50,0,22-4,Finalizado,TRUE,FALSE,TRUE,"2260,43","72,68","77,05","72,93","3646,5","204,5"
NJ,26/apr/24,50,"76,69","3834,5",2024-82.pdf,22/08/2024,50,0,22-4,Finalizado,TRUE,FALSE,TRUE,2250,"72,34","76,69","72,59","3629,5",205
NJ,26/apr/24,50,"76,55","3827,5",2024-84.pdf,23/08/2024,50,0,22-4,Finalizado,TRUE,FALSE,TRUE,"2245,74","72,21","76,55","72,46",3623,"204,5"
NJ,26/apr/24,50,"77,04",3852,2024-85.pdf,26/08/2024,50,0,22-4,Finalizado,TRUE,FALSE,TRUE,"2260,14","72,67","77,04","72,92",3646,206
NJ,26/apr/24,50,"76,65","3832,5",2024-86.pdf,28/08/2024,50,0,22-4,Finalizado,TRUE,FALSE,TRUE,"2248,93","72,31","76,65","72,56",3628,"204,5"
NJ,26/apr/24,50,"76,65","3832,5",2024-87.pdf,28/08/2024,50,0,22-4,Finalizado,TRUE,FALSE,TRUE,"2248,93","72,31","76,65","72,56",3628,"204,5"
NJ,27/ago/24,50,"82,9",4145,2024-107.pdf,15/10/2024,50,0,22-4,Finalizado,TRUE,FALSE,TRUE,"2432,1","78,2","82,9","78,45","3922,5","222,5"
NJ,27/ago/24,50,"84,19","4209,5",2024-110.pdf,17/10/2024,50,0,22-4,Finalizado,TRUE,FALSE,TRUE,"2470,14","79,42","84,19","79,67","3983,5",226
NJ,27/ago/24,50,"84,19","4209,5",2024-110.pdf,17/10/2024,50,0,22-4,Finalizado,TRUE,FALSE,TRUE,"2470,14","79,42","84,19","79,67","3983,5",226
NJ,27/ago/24,50,"84,19","4209,5",2024-111.pdf,17/10/2024,50,0,22-4,Finalizado,TRUE,FALSE,TRUE,"2470,14","79,42","84,19","79,67","3983,5",226
NJ,14/oct/24,50,"84,19","4209,5",2024-111.pdf,17/10/2024,50,0,26-9,Finalizado,TRUE,FALSE,TRUE,"2470,14","79,42","84,19","79,67","3983,5",226
NJ,14/oct/24,50,"85,84",4292,2024-115.pdf,4/11/2024,50,0,26-9,Finalizado,TRUE,FALSE,TRUE,"2518,7","80,98","85,84","81,23","4061,5","230,5"
NJ,14/oct/24,50,"85,21","4260,5",2024-116.pdf,8/11/2024,50,0,26-9,Finalizado,TRUE,FALSE,TRUE,"2500,08","80,38","85,21","80,63","4031,5",229
NJ,14/oct/24,50,"85,11","4255,5",2024-117.pdf,11/11/2024,50,0,26-9,Finalizado,TRUE,FALSE,TRUE,"2497,16","80,29","85,11","80,54",4027,"228,5"
NJ,14/oct/24,50,"83,58",4179,2024-118.pdf,12/11/2024,50,0,26-9,Finalizado,TRUE,FALSE,TRUE,"2452,1","78,84","83,58","79,09","3954,5","224,5"
NJ,06/nov/24,50,"85,41","4270,5",2024-127.pdf,9/12/2024,50,0,26-9,Finalizado,TRUE,FALSE,TRUE,"2505,74","80,57","85,41","80,82",4041,"229,5"
NJ,06/nov/24,50,"85,93","4296,5",2024-129.pdf,17/12/2024,50,0,26-9,Finalizado,TRUE,FALSE,TRUE,"2521,08","81,06","85,93","81,31","4065,5",231
NJ,06/nov/24,50,"85,93","4296,5",2024-129.pdf,17/12/2024,50,0,26-9,Finalizado,TRUE,FALSE,TRUE,"2521,08","81,06","85,93","81,31","4065,5",231
NJ,06/nov/24,50,"85,94",4297,2024-133.pdf,18/12/2024,50,0,26-9,Finalizado,TRUE,FALSE,TRUE,"2518,53","80,98","85,84","81,23","4061,5","235,5"
NJ,06/nov/24,50,"85,94",4297,2024-133.pdf,18/12/2024,50,0,26-9,Finalizado,TRUE,FALSE,TRUE,"2518,53","80,98","85,84","81,23","4061,5","235,5"
NJ,06/nov/24,50,"86,11","4305,5",2024-134.pdf,23/12/2024,50,0,26-9,Finalizado,TRUE,FALSE,TRUE,"2526,43","81,23","86,11","81,48",4074,"231,5"
NJ,12/dic/24,50,"93,93","4696,5",2025-11.pdf,5/02/2025,50,0,26-9,Finalizado,TRUE,FALSE,TRUE,"2755,92","88,61","93,93","88,86",4443,"253,5"
NJ,12/dic/24,50,94,4700,2025-18.pdf,27/02/2025,50,0,26-9,Finalizado,TRUE,FALSE,TRUE,"2757,71","88,67",94,"88,92",4446,254
NJ,12/dic/24,50,"92,22",4611,2025-23.pdf,5/03/2025,50,0,26-9,Finalizado,TRUE,FALSE,TRUE,"2705,72",87,"92,22","87,25","4362,5","248,5"
NJ,14/ene/2025,50,"91,03","4551,5",2025-27.pdf,11/03/2025,50,0,26-9,Finalizado,TRUE,FALSE,TRUE,"2670,63","85,87","91,03","86,12",4306,"245,5"
NJ,14/ene/2025,50,"91,03","4551,5",2025-31.pdf,11/03/2025,50,0,26-9,Finalizado,TRUE,FALSE,TRUE,"2670,63","85,87","91,03","86,12",4306,"245,5"
NJ,14/ene/2025,50,"91,03","4551,5",2025-31.pdf,11/03/2025,50,0,26-9,Finalizado,TRUE,FALSE,TRUE,"2670,63","85,87","91,03","86,12",4306,"245,5"
NJ,14/ene/2025,50,"91,03","4551,5",2025-32.pdf,11/03/2025,50,0,26-9,Finalizado,TRUE,FALSE,TRUE,"2670,63","85,87","91,03","86,12",4306,"245,5"
NJ,14/ene/2025,50,"91,03","4551,5",2025-32.pdf,11/03/2025,50,0,26-9,Finalizado,TRUE,FALSE,TRUE,"2670,63","85,87","91,03","86,12",4306,"245,5"
NJ,12/mar/25,50,"91,03","4551,5",2025-33.pdf,11/03/2025,50,0,26-9,Finalizado,TRUE,FALSE,TRUE,"2670,63","85,87","91,03","86,12",4306,"245,5"
NJ,12/mar/25,50,"91,03","4551,5",2025-33.pdf,11/03/2025,50,0,26-9,Finalizado,TRUE,FALSE,TRUE,"2670,63","85,87","91,03","86,12",4306,"245,5"
NJ,12/mar/25,50,"91,4",4570,2025-28.pdf,12/03/2025,50,0,26-9,Finalizado,TRUE,FALSE,TRUE,"2670,63","85,87","91,03","86,12",4306,264
NJ,12/mar/25,50,"96,68",4834,2025-35_NovaJoia.pdf,3/04/2025,50,0,26-9,Finalizado,TRUE,FALSE,TRUE,"2836,6","91,2","96,68","91,45","4572,5","261,5"
NJ,12/mar/25,50,"96,68",4834,2025-35_NovaJoia.pdf,3/04/2025,50,0,26-9,Finalizado,TRUE,FALSE,TRUE,"2836,6","91,2","96,68","91,45","4572,5","261,5"
NJ,12/mar/25,50,"96,68",4834,2025-35_NovaJoia.pdf,3/04/2025,50,0,26-9,Finalizado,TRUE,FALSE,TRUE,"2836,6","91,2","96,68","91,45","4572,5","261,5"
NJ,02/abr/2025,50,"96,68",4834,2025-35_NovaJoia.pdf,3/04/2025,50,0,26-9,Finalizado,TRUE,FALSE,TRUE,"2836,6","91,2","96,68","91,45","4572,5","261,5"
NJ,02/abr/2025,50,"96,68",4834,2025-35_NovaJoia.pdf,3/04/2025,50,0,26-9,Finalizado,TRUE,FALSE,TRUE,"2836,6","91,2","96,68","91,45","4572,5","261,5"
NJ,02/abr/2025,50,"96,63","4831,5",2025-36_NovaJoia.pdf,3/04/2025,50,0,26-9,Finalizado,TRUE,FALSE,TRUE,"2835,2","91,16","96,63","91,41","4570,5",261
NJ,02/abr/2025,50,"96,63","4831,5",2025-36_NovaJoia.pdf,3/04/2025,50,0,26-9,Finalizado,TRUE,FALSE,TRUE,"2835,2","91,16","96,63","91,41","4570,5",261
NJ,02/abr/2025,50,"96,63","4831,5",2025-36_NovaJoia.pdf,3/04/2025,50,0,26-9,Finalizado,TRUE,FALSE,TRUE,"2835,2","91,16","96,63","91,41","4570,5",261
NJ,08/abr/25,50,"93,97","4698,5",2025-42.pdf,8/04/2025,50,0,26-9,Finalizado,TRUE,FALSE,TRUE,"2755,97","88,65","93,97","88,9",4445,"253,5"
NJ,08/abr/25,50,"93,97","4698,5",2025-42.pdf,8/04/2025,50,0,26-9,Finalizado,TRUE,FALSE,TRUE,"2755,97","88,65","93,97","88,9",4445,"253,5"
NJ,08/abr/25,50,"93,97","4698,5",2025-43.pdf,8/04/2025,50,0,26-9,Finalizado,TRUE,FALSE,TRUE,"2755,97","88,65","93,97","88,9",4445,"253,5"
NJ,08/abr/25,50,"93,97","4698,5",2025-43.pdf,8/04/2025,50,0,26-9,Finalizado,TRUE,FALSE,TRUE,"2755,97","88,65","93,97","88,9",4445,"253,5"
NJ,08/abr/25,50,"93,97","4698,5",2025-43.pdf,8/04/2025,50,0,26-9,Finalizado,TRUE,FALSE,TRUE,"2755,97","88,65","93,97","88,9",4445,"253,5"
NJ,08/abr/25,50,"93,97","4698,5",2025-44.pdf,8/04/2025,50,0,26-9,Finalizado,TRUE,FALSE,TRUE,"2755,97","88,65","93,97","88,9",4445,"253,5"
NJ,08/abr/25,50,"93,97","4698,5",2025-44.pdf,8/04/2025,50,0,26-9,Finalizado,TRUE,FALSE,TRUE,"2755,97","88,65","93,97","88,9",4445,"253,5"
NJ,08/abr/25,50,"93,97","4698,5",2025-44.pdf,8/04/2025,50,0,26-9,Finalizado,TRUE,FALSE,TRUE,"2755,97","88,65","93,97","88,9",4445,"253,5"
NJ,08/abr/25,50,"93,97","4698,5",2025-45.pdf,8/04/2025,50,0,26-9,Finalizado,TRUE,FALSE,TRUE,"2755,97","88,65","93,97","88,9",4445,"253,5"
NJ,08/abr/25,50,"93,97","4698,5",2025-45.pdf,8/04/2025,50,0,26-9,Finalizado,TRUE,FALSE,TRUE,"2755,97","88,65","93,97","88,9",4445,"253,5"
NJ,08/abr/25,50,"93,97","4698,5",2025-45.pdf,8/04/2025,50,0,26-9,Finalizado,TRUE,FALSE,TRUE,"2755,97","88,65","93,97","88,9",4445,"253,5"
NJ,07/may/25,50,"98,96",4948,2025-57.pdf,12/05/2025,50,0,7-5,Finalizado,TRUE,FALSE,TRUE,"2903,65","93,35","98,96","93,6",4680,268
NJ,07/may/25,50,"98,96",4948,2025-57.pdf,12/05/2025,50,0,7-5,Finalizado,TRUE,FALSE,TRUE,"2903,65","93,36","98,97","93,61","4680,5","267,5"
NJ,07/may/25,50,"98,96",4948,2025-58.pdf,12/05/2025,50,0,7-5,Finalizado,TRUE,FALSE,TRUE,"2903,65","93,36","98,97","93,61","4680,5","267,5"
NJ,07/may/25,50,"98,96",4948,2025-58.pdf,12/05/2025,50,0,7-5,Finalizado,TRUE,FALSE,TRUE,"2903,65","93,36","98,97","93,61","4680,5","267,5"
NJ,07/may/25,50,"98,96",4948,2025-59.pdf,12/05/2025,50,0,7-5,Finalizado,TRUE,FALSE,TRUE,"2903,65","93,36","98,97","93,61","4680,5","267,5"
NJ,07/may/25,50,"98,96",4948,2025-59.pdf,12/05/2025,50,0,7-5,Finalizado,TRUE,FALSE,TRUE,"2903,65","93,36","98,97","93,61","4680,5","267,5"
NJ,07/may/25,50,"98,96",4948,2025-60.pdf,12/05/2025,50,0,7-5,Finalizado,TRUE,FALSE,TRUE,"2903,65","93,36","98,97","93,61","4680,5","267,5"
NJ,07/may/25,50,"98,96",4948,2025-60.pdf,12/05/2025,50,0,7-5,Finalizado,TRUE,FALSE,TRUE,"2903,65","93,36","98,97","93,61","4680,5","267,5"
NJ,07/may/25,50,"96,44",4822,2025-63.pdf,15/05/2025,50,0,7-5,Finalizado,TRUE,FALSE,TRUE,"2829,79","90,98","96,44","91,23","4561,5","260,5"
NJ,07/may/25,50,"96,44",4822,2025-63.pdf,15/05/2025,50,0,7-5,Finalizado,TRUE,FALSE,TRUE,"2829,79","90,98","96,44","91,23","4561,5","260,5"
NJ,07/may/25,50,"96,44",4822,2025-64.pdf,15/05/2025,50,0,7-5,Finalizado,TRUE,FALSE,TRUE,"2829,79","90,98","96,44","91,23","4561,5","260,5"
NJ,07/may/25,50,"96,44",4822,2025-64.pdf,15/05/2025,50,0,7-5,Finalizado,TRUE,FALSE,TRUE,"2829,79","90,98","96,44","91,23","4561,5","260,5"
NJ,23/may/25,50,"99,33","4966,5",2025-65.pdf,27/05/2025,50,0,7-5,Finalizado,TRUE,FALSE,TRUE,"2913,96","93,7","99,33","93,95","4697,5",269
NJ,23/may/25,50,"99,33","4966,5",2025-65.pdf,27/05/2025,50,0,7-5,Finalizado,TRUE,FALSE,TRUE,"2913,96","93,7","99,33","93,95","4697,5",269
NJ,23/may/25,50,"99,33","4966,5",2025-66.pdf,27/05/2025,50,0,7-5,Finalizado,TRUE,FALSE,TRUE,"2913,96","93,7","99,33","93,95","4697,5",269
NJ,23/may/25,50,"99,33","4966,5",2025-67.pdf,27/05/2025,50,0,7-5,Finalizado,TRUE,FALSE,TRUE,"2913,96","93,7","99,33","93,95","4697,5",269
NJ,23/may/25,50,"97,79","4889,5",2025-82.pdf,24/06/2025,50,0,7-5,Finalizado,TRUE,FALSE,TRUE,"2868,68","92,25","97,79","92,5",4625,"264,5"
NJ,23/may/25,50,"97,79","4889,5",2025-82.pdf,24/06/2025,50,0,7-5,Finalizado,TRUE,FALSE,TRUE,"2868,68","92,25","97,79","92,5",4625,"264,5"
NJ,23/may/25,50,"97,79","4889,5",2025-83.pdf,24/06/2025,50,0,7-5,Finalizado,TRUE,FALSE,TRUE,"2868,68","92,25","97,79","92,5",4625,"264,5"
NJ,23/may/25,50,"97,79","4889,5",2025-83.pdf,24/06/2025,50,0,7-5,Finalizado,TRUE,FALSE,TRUE,"2868,68","92,25","97,79","92,5",4625,"264,5"
NJ,23/may/25,50,"97,23","4861,5",2025-86.pdf,26/06/2025,50,0,7-5,Finalizado,TRUE,FALSE,TRUE,"2852,53","91,72","97,23","91,97","4598,5",263
NJ,23/may/25,50,"97,23","4861,5",2025-87.pdf,26/06/2025,50,0,7-5,Finalizado,TRUE,FALSE,TRUE,"2852,53","91,72","97,23","91,97","4598,5",263
NJ,23/may/25,50,"95,74",4787,2025-88.pdf,30/06/2025,50,0,7-5,Finalizado,TRUE,FALSE,TRUE,"2808,69","90,32","95,74","90,57","4528,5","258,5"
NJ,23/may/25,50,"95,74",4787,2025-89.pdf,30/06/2025,50,0,7-5,Finalizado,TRUE,FALSE,TRUE,"2808,69","90,31","95,74","90,56",4528,259
NJ,23/may/25,50,"97,55","4877,5",2025-114.pdf,18/08/2025,50,0,7-5,Finalizado,TRUE,FALSE,TRUE,"2861,79","92,02","97,55","92,27","4613,5",264
NJ,23/may/25,50,"97,55","4877,5",2025-116.pdf,18/08/2025,50,0,7-5,Finalizado,TRUE,FALSE,TRUE,"2861,79","92,02","97,55","92,27","4613,5",264
NJ,02/jul/25,50,"99,28",4964,2025-117.pdf,28/08/2025,50,0,7-5,Finalizado,TRUE,FALSE,TRUE,"2912,59","93,66","99,28","93,91","4695,5","268,5"
NJ,02/jul/25,50,"106,09","5304,5",2025-122.pdf,12/09/2025,50,0,7-5,Finalizado,TRUE,FALSE,TRUE,"3112,59","100,08","106,09","100,33","5016,5",288
NJ,02/jul/25,50,"105,84",5292,2025-123.pdf,15/09/2025,50,0,7-5,Finalizado,TRUE,FALSE,TRUE,"3105,23","99,84","105,84","100,09","5004,5","287,5"
NJ,02/jul/25,50,"105,39","5269,5",2025-130.pdf,17/09/2025,50,0,7-5,Finalizado,TRUE,FALSE,TRUE,"3098,12","99,61","105,59","99,86",4993,"276,5"
NJ,02/jul/25,50,"105,39","5269,5",2025-131.pdf,17/09/2025,50,0,7-5,Finalizado,TRUE,FALSE,TRUE,"3098,12","99,61","105,59","99,86",4993,"276,5"
NJ,02/jul/25,50,"105,57","5278,5",2025-133.pdf,17/09/2025,50,0,7-5,Finalizado,TRUE,FALSE,TRUE,"3097,51","99,59","105,57","99,84",4992,"286,5"
NJ,18/sep/25,50,"105,45","5272,5",2025-134.pdf,19/09/2025,50,0,16-9,Finalizado,TRUE,FALSE,TRUE,"3094,02","99,48","105,45","99,73","4986,5",286
NJ,18/sep/25,50,"105,45","5272,5",2025-134.pdf,19/09/2025,50,0,16-9,Finalizado,TRUE,FALSE,TRUE,"3094,02","99,48","105,45","99,73","4986,5",286
NJ,18/sep/25,50,"105,45","5272,5",2025-134.pdf,19/09/2025,50,0,16-9,Finalizado,TRUE,FALSE,TRUE,"3094,02","99,48","105,45","99,73","4986,5",286
NJ,18/sep/25,50,"105,45","5272,5",2025-135.pdf,19/09/2025,50,0,16-9,Finalizado,TRUE,FALSE,TRUE,"3094,02","99,48","105,45","99,73","4986,5",286
NJ,18/sep/25,50,"105,45","5272,5",2025-135.pdf,19/09/2025,50,0,16-9,Finalizado,TRUE,FALSE,TRUE,"3094,02","99,48","105,45","99,73","4986,5",286
NJ,18/sep/25,50,"105,45","5272,5",2025-135.pdf,19/09/2025,50,0,16-9,Finalizado,TRUE,FALSE,TRUE,"3094,02","99,48","105,45","99,73","4986,5",286
NJ,18/sep/25,50,"105,45","5272,5",2025-136.pdf,19/09/2025,50,0,16-9,Finalizado,TRUE,FALSE,TRUE,"3094,02","99,48","105,45","99,73","4986,5",286
NJ,18/sep/25,50,"105,45","5272,5",2025-136.pdf,19/09/2025,50,0,16-9,Finalizado,TRUE,FALSE,TRUE,"3094,02","99,48","105,45","99,73","4986,5",286
NJ,18/sep/25,50,"105,45","5272,5",2025-136.pdf,19/09/2025,50,0,16-9,Finalizado,TRUE,FALSE,TRUE,"3094,02","99,48","105,45","99,73","4986,5",286
NJ,18/sep/25,50,"105,45","5272,5",2025-137.pdf,19/09/2025,50,0,16-9,Finalizado,TRUE,FALSE,TRUE,"3094,02","99,48","105,45","99,73","4986,5",286
NJ,18/sep/25,50,"105,45","5272,5",2025-137.pdf,19/09/2025,50,0,16-9,Finalizado,TRUE,FALSE,TRUE,"3094,02","99,48","105,45","99,73","4986,5",286
NJ,18/sep/25,50,"105,45","5272,5",2025-137.pdf,19/09/2025,50,0,16-9,Finalizado,TRUE,FALSE,TRUE,"3094,02","99,48","105,45","99,73","4986,5",286
NJ,18/sep/25,50,"105,45","5272,5",2025-138.pdf,19/09/2025,50,0,16-9,Finalizado,TRUE,FALSE,TRUE,"3094,02","99,48","105,45","99,73","4986,5",286
NJ,18/sep/25,50,"105,45","5272,5",2025-138.pdf,19/09/2025,50,0,16-9,Finalizado,TRUE,FALSE,TRUE,"3094,02","99,48","105,45","99,73","4986,5",286
NJ,18/sep/25,50,"105,45","5272,5",2025-138.pdf,19/09/2025,50,0,16-9,Finalizado,TRUE,FALSE,TRUE,"3094,02","99,48","105,45","99,73","4986,5",286
NJ,18/sep/25,50,"105,45","5272,5",2025-139.pdf,19/09/2025,50,0,16-9,Finalizado,TRUE,FALSE,TRUE,"3094,02","99,48","105,45","99,73","4986,5",286
NJ,18/sep/25,50,"115,16",5758,2025-150.pdf,7/10/2025,50,0,16-9,Finalizado,TRUE,FALSE,TRUE,"3377,72","108,64","115,16","108,89","5444,5","313,5"
NJ,18/sep/25,50,"118,29","5914,5",2025-152.pdf,8/10/2025,50,0,16-9,Finalizado,TRUE,FALSE,TRUE,"3471,09","111,59","118,29","111,84",5592,"322,5"
NJ,18/sep/25,50,"118,29","5914,5",2025-153.pdf,8/10/2025,50,0,16-9,Finalizado,TRUE,FALSE,TRUE,"3471,09","111,59","118,29","111,84",5592,"322,5"
NJ,18/sep/25,50,"118,58",5929,2025-154.pdf,9/10/2025,50,0,16-9,Finalizado,TRUE,FALSE,TRUE,3479,"111,86","118,58","112,11","5605,5","323,5"
NJ,18/sep/25,50,"118,46",5923,2025-155.pdf,9/10/2025,50,0,16-9,Finalizado,TRUE,FALSE,TRUE,"3475,76","111,75","118,46",112,5600,323
NJ,18/sep/25,50,"116,81","5840,5",2025-157.pdf,10/10/2025,50,0,16-9,Finalizado,TRUE,FALSE,TRUE,"3426,99","110,19","116,81","110,44",5522,"318,5"
NJ,18/sep/25,50,"122,78",6139,2025-161.pdf,15/10/2025,50,0,16-9,Finalizado,TRUE,FALSE,TRUE,"3613,94","115,83","122,78","116,08",5804,335
NJ,18/sep/25,50,"122,78",6139,2025-162.pdf,15/10/2025,50,0,16-9,Finalizado,TRUE,FALSE,TRUE,"3613,94","115,83","122,78","116,08",5804,335
NJ,05/nov/25,50,"124,29","6214,5",2025-167.pdf,20/10/2025,50,0,5-11,Finalizado,TRUE,FALSE,TRUE,"3647,46","117,25","124,29","117,5",5875,"339,5"
NJ,05/nov/25,50,"124,29","6214,5",2025-168.pdf,20/10/2025,50,0,5-11,Finalizado,TRUE,FALSE,TRUE,"3647,46","117,25","124,29","117,5",5875,"339,5"
NJ,05/nov/25,50,"125,16",6258,2025-170.pdf,20/10/2025,50,0,5-11,Finalizado,TRUE,FALSE,TRUE,"3672,09","118,07","125,16","118,32",5916,342
NJ,05/nov/25,50,"127,13","6356,5",2025-171.pdf,20/10/2025,50,0,5-11,Finalizado,TRUE,FALSE,TRUE,"3730,14","119,93","127,13","120,18",6009,"347,5"
NJ,05/nov/25,50,"121,3",6065,2025-172.pdf,21/10/2025,50,0,5-11,Finalizado,TRUE,FALSE,TRUE,"3558,99","114,43","121,3","114,68",5734,331
NJ,05/nov/25,50,"121,3",6065,2025-173.pdf,21/10/2025,50,0,5-11,Finalizado,TRUE,FALSE,TRUE,"3558,99","114,43","121,3","114,68",5734,331
NJ,05/nov/25,50,"118,31","5915,5",2025-174.pdf,22/10/2025,50,0,5-11,Finalizado,TRUE,FALSE,TRUE,"3471,26","111,61","118,31","111,86",5593,"322,5"
NJ,05/nov/25,50,"118,31","5915,5",2025-175.pdf,22/10/2025,50,0,5-11,Finalizado,TRUE,FALSE,TRUE,"3471,26","111,61","118,31","111,86",5593,"322,5"
NJ,05/nov/25,50,"121,07","6053,5",2025-176.pdf,23/10/2025,50,0,5-11,Finalizado,TRUE,FALSE,TRUE,"3552,07","114,21","121,07","114,46",5723,"330,5"
NJ,05/nov/25,50,"121,07","6053,5",2025-177.pdf,23/10/2025,50,0,5-11,Finalizado,TRUE,FALSE,TRUE,"3552,07","114,21","121,07","114,46",5723,"330,5"
NJ,05/nov/25,50,"121,22",6061,2025-178.pdf,24/10/2025,50,0,5-11,Finalizado,TRUE,FALSE,TRUE,"3554,23","114,35","121,22","114,6",5730,331
NJ,05/nov/25,50,"121,22",6061,2025-179.pdf,24/10/2025,50,0,5-11,Finalizado,TRUE,FALSE,TRUE,"3554,23","114,35","121,22","114,6",5730,331
NJ,05/nov/25,50,"121,22",6061,2025-180.pdf,24/10/2025,50,0,5-11,Finalizado,TRUE,FALSE,TRUE,"3554,23","114,35","121,22","114,6",5730,331
NJ,05/nov/25,50,"121,22",6061,2025-181.pdf,24/10/2025,50,0,5-11,Finalizado,TRUE,FALSE,TRUE,"3554,23","114,35","121,22","114,6",5730,331
NJ,05/nov/25,50,"121,22",6061,2025-182.pdf,24/10/2025,50,0,5-11,Finalizado,TRUE,FALSE,TRUE,"3554,23","114,35","121,22","114,6",5730,331
NJ,05/nov/25,50,"114,69","5734,5",2025-185.pdf,28/10/2025,50,0,5-11,Finalizado,TRUE,FALSE,TRUE,"3364,9","108,19","114,69","108,44",5422,"312,5"
NJ,05/nov/25,50,"114,69","5734,5",2025-186.pdf,28/10/2025,50,0,5-11,Finalizado,TRUE,FALSE,TRUE,"3364,9","108,19","114,69","108,44",5422,"312,5"
NJ,05/nov/25,50,"114,69","5734,5",2025-184.pdf,28/10/2025,50,0,5-11,Finalizado,TRUE,FALSE,TRUE,"3364,9","108,19","114,69","108,44",5422,"312,5"
NJ,05/nov/25,50,"118,28",5914,2025-192.pdf,4/11/2025,50,0,5-11,Finalizado,TRUE,FALSE,TRUE,"3470,45","111,58","118,28","111,83","5591,5","322,5"
NJ,05/nov/25,50,"118,28",5914,2025-193.pdf,4/11/2025,50,0,5-11,Finalizado,TRUE,FALSE,TRUE,"3470,45","111,58","118,28","111,83","5591,5","322,5"
NJ,05/nov/25,50,"121,25","6062,5",2025-198.pdf,10/11/2025,50,0,5-11,Finalizado,TRUE,FALSE,TRUE,"3557,46","114,38","121,25","114,63","5731,5",331
NJ,05/nov/25,50,"121,25","6062,5",2025-199.pdf,10/11/2025,50,0,5-11,Finalizado,TRUE,FALSE,TRUE,"3557,46","114,38","121,25","114,63","5731,5",331
NJ,05/nov/25,50,"119,86",5993,2025-206.pdf,17/11/2025,50,0,5-11,Finalizado,TRUE,FALSE,TRUE,"3516,86","113,07","119,86","113,32",5666,327
NJ,05/nov/25,50,"120,35","6017,5",2025-210.pdf,20/11/2025,50,0,5-11,Finalizado,TRUE,FALSE,TRUE,"3531,15","113,53","120,35","113,78",5689,"328,5"
NJ,05/nov/25,50,"122,27","6113,5",2025-211.pdf,27/11/2025,50,0,5-11,Finalizado,TRUE,FALSE,TRUE,"3587,3","115,34","122,27","115,59","5779,5",334
NJ,05/nov/25,50,"128,11","6405,5",2025-226.pdf,22/12/2025,50,0,5-11,Finalizado,TRUE,FALSE,TRUE,"3758,64","120,85","128,11","121,1",6055,"350,5"
NJ,11/nov/25,50,"128,11","6405,5",2025-227.pdf,22/12/2025,50,0,5-11,Finalizado,TRUE,FALSE,TRUE,"3758,64","120,85","128,11","121,1",6055,"350,5"
NJ,11/nov/25,50,"129,39","6469,5",2025-230.pdf,29/12/2025,50,0,5-11,Finalizado,TRUE,FALSE,TRUE,"3796,26","122,06","129,39","122,31","6115,5",354
NJ,11/nov/25,50,"129,39","6469,5",2025-231.pdf,29/12/2025,50,0,5-11,Finalizado,TRUE,FALSE,TRUE,"3796,26","122,06","129,39","122,31","6115,5",354
NJ,11/nov/25,50,"126,83","6341,5",2025-232.pdf,30/12/2025,50,0,5-11,Finalizado,TRUE,FALSE,TRUE,"3721,23","119,65","126,83","119,9",5995,"346,5"
NJ,11/nov/25,50,"126,83","6341,5",2025-233.pdf,30/12/2025,50,0,5-11,Finalizado,TRUE,FALSE,TRUE,"3721,23","119,65","126,83","119,9",5995,"346,5"
NJ,11/nov/25,50,"126,83","6341,5",2025-234.pdf,30/12/2025,50,0,5-11,Finalizado,TRUE,FALSE,TRUE,"3721,23","119,65","126,83","119,9",5995,"346,5"
NJ,23/dic/25,50,"129,46",6473,2026-1.pdf,7/01/2026,50,0,5-11,Finalizado,TRUE,FALSE,TRUE,"3798,44","122,13","129,46","122,38",6119,354
NJ,23/dic/25,50,"129,46",6473,2026-2.pdf,7/01/2026,50,0,5-11,Finalizado,TRUE,FALSE,TRUE,"3798,44","122,13","129,46","122,38",6119,354
NJ,23/dic/25,50,"129,46",6473,2026-3.pdf,7/01/2026,50,0,5-11,Finalizado,TRUE,FALSE,TRUE,"3798,44","122,13","129,46","122,38",6119,354
NJ,23/dic/25,50,"134,02",6701,2026-9.pdf,12/01/2026,50,0,5-11,Finalizado,TRUE,FALSE,TRUE,"3932,41","126,43","134,02","126,68",6334,367
NJ,23/dic/25,50,"134,02",6701,2026-10.pdf,12/01/2026,50,0,5-11,Finalizado,TRUE,FALSE,TRUE,"3932,41","126,43","134,02","126,68",6334,367
NJ,FUTURA,50,"136,63","6831,5",2026-15.pdf,19/01/2026,50,0,FUTURA,En curso,TRUE,FALSE,TRUE,"4008,92","128,89","136,63","129,14",6457,"374,5"
NJ,FUTURA,50,"136,63","6831,5",2026-16.pdf,19/01/2026,50,0,FUTURA,En curso,TRUE,FALSE,TRUE,"4008,92","128,89","136,63","129,14",6457,"374,5"
NJ,FUTURA,50,"136,63","6831,5",2026-17.pdf,19/01/2026,50,0,FUTURA,En curso,TRUE,FALSE,TRUE,"4008,92","128,89","136,63","129,14",6457,"374,5"
NJ,FUTURA,50,"136,63","6831,5",2026-18.pdf,19/01/2026,50,0,FUTURA,En curso,TRUE,FALSE,TRUE,"4008,92","128,89","136,63","129,14",6457,"374,5"
NJ,FUTURA,50,,0,,,0,0,FUTURA,En Curso,FALSE,FALSE,FALSE,,0,0,"0,25","12,5","-12,5"
NJ,FUTURA,50,,0,,,0,0,FUTURA,En Curso,FALSE,FALSE,FALSE,,0,0,"0,25","12,5","-12,5"
NJ,FUTURA,50,,0,,,0,0,FUTURA,En Curso,FALSE,FALSE,FALSE,,0,0,"0,25","12,5","-12,5"
NJ,FUTURA,50,,0,,,0,0,FUTURA,En Curso,FALSE,FALSE,FALSE,,0,0,"0,25","12,5","-12,5"
NJ,FUTURA,50,,0,,,0,0,FUTURA,En Curso,FALSE,FALSE,FALSE,,0,0,"0,25","12,5","-12,5"
NJ,FUTURA,50,,0,,,0,0,FUTURA,En Curso,FALSE,FALSE,FALSE,,0,0,"0,25","12,5","-12,5"
NJ,FUTURA,50,,0,,,0,0,FUTURA,En Curso,FALSE,FALSE,FALSE,,0,0,"0,25","12,5","-12,5"
NJ,FUTURA,50,,0,,,0,0,FUTURA,En Curso,FALSE,FALSE,FALSE,,0,0,"0,25","12,5","-12,5"
NJ,FUTURA,50,,0,,,0,0,FUTURA,En Curso,FALSE,FALSE,FALSE,,0,0,"0,25","12,5","-12,5"
NJ,FUTURA,50,,0,,,0,0,FUTURA,En Curso,FALSE,FALSE,FALSE,,0,0,"0,25","12,5","-12,5"
NJ,FUTURA,50,,0,,,0,0,FUTURA,En Curso,FALSE,FALSE,FALSE,,0,0,"0,25","12,5","-12,5"
NJ,FUTURA,50,,0,,,0,0,FUTURA,En Curso,FALSE,FALSE,FALSE,,0,0,"0,25","12,5","-12,5"
NJ,,,,0,,,0,0,,,FALSE,FALSE,FALSE,,0,0,"0,25",0,0
NJ,,,,0,,,0,0,,,FALSE,FALSE,FALSE,,0,0,"0,25",0,0
NJ,,,,0,,,0,0,,,FALSE,FALSE,FALSE,,0,0,"0,25",0,0
NJ,,,,0,,,0,0,,,FALSE,FALSE,FALSE,,0,0,"0,25",0,0
NJ,,,,0,,,0,0,,,FALSE,FALSE,FALSE,,0,0,"0,25",0,0
NJ,,,,0,,,0,0,,,FALSE,FALSE,FALSE,,0,0,"0,25",0,0
NJ,,,,0,,,0,0,,,FALSE,FALSE,FALSE,,0,0,"0,25",0,0
NJ,,,,0,,,0,0,,,FALSE,FALSE,FALSE,,0,0,"0,25",0,0
NJ,,,,0,,,0,0,,,FALSE,FALSE,FALSE,,0,0,"0,25",0,0
NJ,,,,0,,,0,0,,,FALSE,FALSE,FALSE,,0,0,"0,25",0,0
NJ,,,,0,,,0,0,,,FALSE,FALSE,FALSE,,0,0,"0,25",0,0
NJ,,,,0,,,0,0,,,FALSE,FALSE,FALSE,,0,0,"0,25",0,0
NJ,,,,0,,,0,0,,,FALSE,FALSE,FALSE,,0,0,"0,25",0,0
NJ,,,,0,,,0,0,,,FALSE,FALSE,FALSE,,0,0,"0,25",0,0
NJ,,,,0,,,0,0,,,FALSE,FALSE,FALSE,,0,0,"0,25",0,0
NJ,,,,0,,,0,0,,,FALSE,FALSE,FALSE,,0,0,"0,25",0,0
NJ,,,,0,,,0,0,,,FALSE,FALSE,FALSE,,0,0,"0,25",0,0
NJ,,,,0,,,0,0,,,FALSE,FALSE,FALSE,,0,0,"0,25",0,0
NJ,,,,0,,,0,0,,,FALSE,FALSE,FALSE,,0,0,"0,25",0,0
NJ,,,,0,,,0,0,,,FALSE,FALSE,FALSE,,0,0,"0,25",0,0
NJ,,,,0,,,0,0,,,FALSE,FALSE,FALSE,,0,0,"0,25",0,0
NJ,,,,0,,,0,0,,,FALSE,FALSE,FALSE,,0,0,"0,25",0,0
NJ,,,,0,,,0,0,,,FALSE,FALSE,FALSE,,0,0,"0,25",0,0
NJ,,,,0,,,0,0,,,FALSE,FALSE,FALSE,,0,0,"0,25",0,0
NJ,,,,0,,,0,0,,,FALSE,FALSE,FALSE,,0,0,"0,25",0,0
NJ,,,,0,,,0,0,,,FALSE,FALSE,FALSE,,0,0,"0,25",0,0
NJ,,,,0,,,0,0,,,FALSE,FALSE,FALSE,,0,0,"0,25",0,0
NJ,,,,0,,,0,0,,,FALSE,FALSE,FALSE,,0,0,"0,25",0,0
NJ,,,,0,,,0,0,,,FALSE,FALSE,FALSE,,0,0,"0,25",0,0
NJ,,,,0,,,0,0,,,FALSE,FALSE,FALSE,,0,0,"0,25",0,0
NJ,,,,0,,,0,0,,,FALSE,FALSE,FALSE,,0,0,"0,25",0,0
NJ,,,,0,,,0,0,,,FALSE,FALSE,FALSE,,0,0,"0,25",0,0
NJ,,,,0,,,0,0,,,FALSE,FALSE,FALSE,,0,0,"0,25",0,0
NJ,,,,0,,,0,0,,,FALSE,FALSE,FALSE,,0,0,"0,25",0,0
NJ,,,,0,,,0,0,,,FALSE,FALSE,FALSE,,0,0,"0,25",0,0
NJ,,,,0,,,0,0,,,FALSE,FALSE,FALSE,,0,0,"0,25",0,0
NJ,,,,0,,,0,0,,,FALSE,FALSE,FALSE,,0,0,"0,25",0,0
NJ,,,,0,,,0,0,,,FALSE,FALSE,FALSE,,0,0,"0,25",0,0
NJ,,,,0,,,0,0,,,FALSE,FALSE,FALSE,,0,0,"0,25",0,0
NJ,,,,0,,,0,0,,,FALSE,FALSE,FALSE,,0,0,"0,25",0,0
NJ,,,,0,,,0,0,,,FALSE,FALSE,FALSE,,0,0,"0,25",0,0
NJ,,,,0,,,0,0,,,FALSE,FALSE,FALSE,,0,0,"0,25",0,0
NJ,,,,0,,,0,0,,,FALSE,FALSE,FALSE,,0,0,"0,25",0,0
NJ,,,,0,,,0,0,,,FALSE,FALSE,FALSE,,0,0,"0,25",0,0
NJ,,,,0,,,0,0,,,FALSE,FALSE,FALSE,,0,0,"0,25",0,0
NJ,,,,0,,,0,0,,,FALSE,FALSE,FALSE,,0,0,"0,25",0,0
NJ,,,,0,,,0,0,,,FALSE,FALSE,FALSE,,0,0,"0,25",0,0
NJ,,,,0,,,0,0,,,FALSE,FALSE,FALSE,,0,0,"0,25",0,0
NJ,,,,0,,,0,0,,,FALSE,FALSE,FALSE,,0,0,"0,25",0,0
NJ,,,,0,,,0,0,,,FALSE,FALSE,FALSE,,0,0,"0,25",0,0
NJ,,,,0,,,0,0,,,FALSE,FALSE,FALSE,,0,0,"0,25",0,0
NJ,,,,0,,,0,0,,,FALSE,FALSE,FALSE,,0,0,"0,25",0,0
NJ,,,,0,,,0,0,,,FALSE,FALSE,FALSE,,0,0,"0,25",0,0
NJ,,,,0,,,0,0,,,FALSE,FALSE,FALSE,,0,0,"0,25",0,0
NJ,,,,0,,,0,0,,,FALSE,FALSE,FALSE,,0,0,"0,25",0,0
NJ,,,,0,,,0,0,,,FALSE,FALSE,FALSE,,0,0,"0,25",0,0
NJ,,,,0,,,0,0,,,FALSE,FALSE,FALSE,,0,0,"0,25",0,0
NJ,,,,0,,,0,0,,,FALSE,FALSE,FALSE,,0,0,"0,25",0,0
NJ,,,,0,,,0,0,,,FALSE,FALSE,FALSE,,0,0,"0,25",0,0
NJ,,,,0,,,0,0,,,FALSE,FALSE,FALSE,,0,0,"0,25",0,0
NJ,,,,0,,,0,0,,,FALSE,FALSE,FALSE,,0,0,"0,25",0,0
NJ,,,,0,,,0,0,,,FALSE,FALSE,FALSE,,0,0,"0,25",0,0
NJ,,,,0,,,0,0,,,FALSE,FALSE,FALSE,,0,0,"0,25",0,0
NJ,,,,0,,,0,0,,,FALSE,FALSE,FALSE,,0,0,"0,25",0,0
NJ,,,,0,,,0,0,,,FALSE,FALSE,FALSE,,0,0,"0,25",0,0
NJ,,,,0,,,0,0,,,FALSE,FALSE,FALSE,,0,0,"0,25",0,0
NJ,,,,0,,,0,0,,,FALSE,FALSE,FALSE,,0,0,"0,25",0,0
NJ,,,,0,,,0,0,,,FALSE,FALSE,FALSE,,0,0,"0,25",0,0
NJ,,,,0,,,0,0,,,FALSE,FALSE,FALSE,,0,0,"0,25",0,0
NJ,,,,0,,,0,0,,,FALSE,FALSE,FALSE,,0,0,"0,25",0,0
NJ,,,,0,,,0,0,,,FALSE,FALSE,FALSE,,0,0,"0,25",0,0
NJ,,,,0,,,0,0,,,FALSE,FALSE,FALSE,,0,0,"0,25",0,0
NJ,,,,0,,,0,0,,,FALSE,FALSE,FALSE,,0,0,"0,25",0,0
NJ,,,,0,,,0,0,,,FALSE,FALSE,FALSE,,0,0,"0,25",0,0
NJ,,,,0,,,0,0,,,FALSE,FALSE,FALSE,,0,0,"0,25",0,0
NJ,,,,0,,,0,0,,,FALSE,FALSE,FALSE,,0,0,"0,25",0,0
NJ,,,,0,,,0,0,,,FALSE,FALSE,FALSE,,0,0,"0,25",0,0
NJ,,,,0,,,0,0,,,FALSE,FALSE,FALSE,,0,0,"0,25",0,0
NJ,,,,0,,,0,0,,,FALSE,FALSE,FALSE,,0,0,"0,25",0,0
NJ,,,,0,,,0,0,,,FALSE,FALSE,FALSE,,0,0,"0,25",0,0
NJ,,,,0,,,0,0,,,FALSE,FALSE,FALSE,,0,0,"0,25",0,0
NJ,,,,0,,,0,0,,,FALSE,FALSE,FALSE,,0,0,"0,25",0,0
NJ,,,,0,,,0,0,,,FALSE,FALSE,FALSE,,0,0,"0,25",0,0
NJ,,,,0,,,0,0,,,FALSE,FALSE,FALSE,,0,0,"0,25",0,0
NJ,,,,0,,,0,0,,,FALSE,FALSE,FALSE,,0,0,"0,25",0,0
NJ,,,,0,,,0,0,,,FALSE,FALSE,FALSE,,0,0,"0,25",0,0
NJ,,,,0,,,0,0,,,FALSE,FALSE,FALSE,,0,0,"0,25",0,0
NJ,,,,0,,,0,0,,,FALSE,FALSE,FALSE,,0,0,"0,25",0,0
NJ,,,,0,,,0,0,,,FALSE,FALSE,FALSE,,0,0,"0,25",0,0
NJ,,,,0,,,0,0,,,FALSE,FALSE,FALSE,,0,0,"0,25",0,0
Milla,stock,100,"64,23",6423,2024-13.pdf,6/02/2024,100,0,stock,Finalizado,TRUE,FALSE,TRUE,"1884,66","60,6","64,24","60,85",6085,338
Milla,stock,100,"64,23",6423,2024-13.pdf,6/02/2024,100,0,stock,Finalizado,TRUE,FALSE,TRUE,"1884,66","60,6","64,24","60,85",6085,338
Milla,stock,50,27-11 devol,,,,0,50,,Finalizado,FALSE,TRUE,FALSE,,0,0,"0,25","12,5","-12,5"
Milla,stock,50,"60,13","3006,5",2023-06,23/01/2023,50,0,,Finalizado,TRUE,FALSE,TRUE,"1884,66","60,6","64,24","60,85","3042,5",-36
Milla,stock,50,"60,13","3006,5",2023-06,23/01/2023,50,0,,Finalizado,TRUE,FALSE,TRUE,"1884,66","60,6","64,24","60,85","3042,5",-36
Milla,stock,50,"60,13","3006,5",2023-06,23/01/2023,50,0,,Finalizado,TRUE,FALSE,TRUE,"1884,66","60,6","64,24","60,85","3042,5",-36
Milla,stock,50,"60,13","3006,5",2023-06,23/01/2023,50,0,,Finalizado,TRUE,FALSE,TRUE,"1884,66","60,6","64,24","60,85","3042,5",-36
Milla,stock,50,"58,12",2906,2023-18,28/02/2023,50,0,,Finalizado,TRUE,FALSE,TRUE,"1884,66","60,6","64,24","60,85","3042,5","-136,5"
Milla,stock,50,"62,3",3115,2023-22,21/03/2023,50,0,,Finalizado,TRUE,FALSE,TRUE,"1884,66","60,6","64,24","60,85","3042,5","72,5"
Milla,stock,50,61,3050,2023-52,12/09/2023,50,0,,Finalizado,TRUE,FALSE,TRUE,"1884,66","60,6","64,24","60,85","3042,5","7,5"
Milla,stock,50,61,3050,2023-52,12/09/2023,50,0,,Finalizado,TRUE,FALSE,TRUE,"1884,66","60,6","64,24","60,85","3042,5","7,5"
Milla,stock,50,61,3050,2023-52,12/09/2023,50,0,,Finalizado,TRUE,FALSE,TRUE,"1884,66","60,6","64,24","60,85","3042,5","7,5"
Milla,stock,50,"63,79","3189,5",2023-74,5/12/2023,50,0,,Finalizado,TRUE,FALSE,TRUE,"1884,66","60,6","64,24","60,85","3042,5",147
Milla,stock,50,"63,79","3189,5",2023-74,5/12/2023,50,0,,Finalizado,TRUE,FALSE,TRUE,"1884,66","60,6","64,24","60,85","3042,5",147
Milla,stock,50,6-12 devol,,,,0,50,,Finalizado,FALSE,TRUE,FALSE,,0,0,"0,25","12,5","-12,5"
Milla,stock,50,"64,31","3215,5",2023-76.pdf,7/12/2023,50,0,,Finalizado,TRUE,FALSE,TRUE,"1884,66","60,6","64,24","60,85","3042,5",173
Milla,12/dic/23,50,"63,16",3158,2023-80.pdf,19/12/2023,50,0,11-12,Finalizado,TRUE,FALSE,TRUE,"1852,92","59,58","63,16","59,83","2991,5","166,5"
Milla,12/dic/23,50,"63,16",3158,2023-80.pdf,19/12/2023,50,0,11-12,Finalizado,TRUE,FALSE,TRUE,"1852,92","59,58","63,16","59,83","2991,5","166,5"
Milla,12/dic/23,50,10-01 devol gem,,,,0,50,11-12,Finalizado,FALSE,TRUE,FALSE,,0,0,"0,25","12,5","-12,5"
Milla,12/dic/23,50,"68,25","3412,5",2024-32.pdf,25/03/2024,50,0,11-12,Finalizado,TRUE,FALSE,TRUE,"2002,41","64,38","68,25","64,63","3231,5",181
Milla,12/dic/23,50,23-04 devol gem,,,,0,50,11-12,Finalizado,FALSE,TRUE,FALSE,,0,0,"0,25","12,5","-12,5"
Milla,12/dic/23,50,23-04 devol gem,,,,0,50,11-12,Finalizado,FALSE,TRUE,FALSE,,0,0,"0,25","12,5","-12,5"
Milla,26/apr/24,50,"77,45","3872,5",2024-88.pdf,29/08/2024,50,0,22-4,Finalizado,TRUE,FALSE,TRUE,"2272,38","73,06","77,45","73,31","3665,5",207
Milla,26/apr/24,50,"77,02",3851,2024-91.pdf,2/09/2024,50,0,22-4,Finalizado,TRUE,FALSE,TRUE,"2259,13","72,66","77,02","72,91","3645,5","205,5"
Milla,26/apr/24,50,"77,02",3851,2024-91.pdf,2/09/2024,50,0,22-4,Finalizado,TRUE,FALSE,TRUE,"2259,13","72,66","77,02","72,91","3645,5","205,5"
Milla,26/apr/24,50,"77,02",3851,2024-91.pdf,2/09/2024,50,0,22-4,Finalizado,TRUE,FALSE,TRUE,"2259,13","72,66","77,02","72,91","3645,5","205,5"
Milla,01/oct/24,50,"82,56",4128,2024-105.pdf,7/10/2024,50,0,26-9,Finalizado,TRUE,FALSE,TRUE,"2422,11","77,88","82,56","78,13","3906,5","221,5"
Milla,01/oct/24,50,"86,79","4339,5",2024-122.pdf,25/11/2024,50,0,26-9,Finalizado,TRUE,FALSE,TRUE,"2546,36","81,87","86,79","82,12",4106,"233,5"
Milla,01/oct/24,50,"89,78",4489,2025-09.pdf,27/01/2025,50,0,26-9,Finalizado,TRUE,FALSE,TRUE,"2633,98","84,69","89,78","84,94",4247,242
Milla,01/oct/24,50,"100,38",5019,2025-68.pdf,4/06/2025,50,0,26-9,Finalizado,TRUE,FALSE,TRUE,"2945,36","94,69","100,38","94,94",4747,272
Milla,01/oct/24,50,"100,38",5019,2025-68.pdf,4/06/2025,50,0,26-9,Finalizado,TRUE,FALSE,TRUE,"2945,36","94,69","100,38","94,94",4747,272
Milla,11/JUN/25,50,"99,76",4988,2025-81.pdf,20/06/2025,50,0,7-5,Finalizado,TRUE,FALSE,TRUE,"2926,76","94,11","99,76","94,36",4718,270
Milla,11/JUN/25,50,"97,69","4884,5",2025-85.pdf,25/06/2025,50,0,7-5,Finalizado,TRUE,FALSE,TRUE,"2866,48","92,16","97,69","92,41","4620,5",264
Milla,11/JUN/25,50,"97,69","4884,5",2025-85.pdf,25/06/2025,50,0,7-5,Finalizado,TRUE,FALSE,TRUE,"2866,48","92,16","97,69","92,41","4620,5",264
Milla,26/jun/25,50,"98,34",4917,2025-108.pdf,11/08/2025,50,0,7-5,Finalizado,TRUE,FALSE,TRUE,"2885,47","92,77","98,34","93,02",4651,266
Milla,26/jun/25,50,"98,34",4917,2025-108.pdf,11/08/2025,50,0,7-5,Finalizado,TRUE,FALSE,TRUE,"2885,47","92,77","98,34","93,02",4651,266
Milla,26/jun/25,50,"98,34",4917,2025-108.pdf,11/08/2025,50,0,7-5,Finalizado,TRUE,FALSE,TRUE,"2885,47","92,77","98,34","93,02",4651,266
Milla,16/sep/25,50,,0,,,0,50,16-9,Finalizado,FALSE,TRUE,FALSE,,0,0,"0,25","12,5","-12,5"
Milla,16/sep/25,50,,0,,,0,50,16-9,Finalizado,FALSE,TRUE,FALSE,,0,0,"0,25","12,5","-12,5"
Milla,16/sep/25,50,"120,17","6008,5",2025-209.pdf,20/11/2025,50,0,16-9,Finalizado,TRUE,FALSE,TRUE,"3525,78","113,36","120,17","113,61","5680,5",328
Milla,16/sep/25,50,"123,23","6161,5",2025-212.pdf,4/12/2025,50,0,16-9,Finalizado,TRUE,FALSE,TRUE,"3615,7","116,25","123,23","116,5",5825,"336,5"
Milla,02/dic/25,55,"123,01","6765,55",2025-225.pdf,19/12/2025,55,0,5-11,Finalizado,TRUE,FALSE,TRUE,"3609,24","116,04","123,01","116,29","6395,95","369,6"
Milla,23/dic/25,50,,0,,,0,0,5-11,En Curso,FALSE,FALSE,FALSE,,0,0,"0,25","12,5","-12,5"
Milla,23/dic/25,50,,0,,,0,0,5-11,En Curso,FALSE,FALSE,FALSE,,0,0,"0,25","12,5","-12,5"
Milla,,,,0,,,0,0,,,FALSE,FALSE,FALSE,,0,0,"0,25",0,0
Milla,,,,0,,,0,0,,,FALSE,FALSE,FALSE,,0,0,"0,25",0,0
Milla,,,,0,,,0,0,,,FALSE,FALSE,FALSE,,0,0,"0,25",0,0
Milla,,,,0,,,0,0,,,FALSE,FALSE,FALSE,,0,0,"0,25",0,0
Milla,,,,0,,,0,0,,,FALSE,FALSE,FALSE,,0,0,"0,25",0,0
Milla,,,,0,,,0,0,,,FALSE,FALSE,FALSE,,0,0,"0,25",0,0
Milla,,,,0,,,0,0,,,FALSE,FALSE,FALSE,,0,0,"0,25",0,0
Milla,,,,0,,,0,0,,,FALSE,FALSE,FALSE,,0,0,"0,25",0,0
Milla,,,,0,,,0,0,,,FALSE,FALSE,FALSE,,0,0,"0,25",0,0
Milla,,,,0,,,0,0,,,FALSE,FALSE,FALSE,,0,0,"0,25",0,0
Milla,,,,0,,,0,0,,,FALSE,FALSE,FALSE,,0,0,"0,25",0,0
Milla,,,,0,,,0,0,,,FALSE,FALSE,FALSE,,0,0,"0,25",0,0
Milla,,,,0,,,0,0,,,FALSE,FALSE,FALSE,,0,0,"0,25",0,0
Milla,,,,0,,,0,0,,,FALSE,FALSE,FALSE,,0,0,"0,25",0,0
Milla,,,,0,,,0,0,,,FALSE,FALSE,FALSE,,0,0,"0,25",0,0
Milla,,,,0,,,0,0,,,FALSE,FALSE,FALSE,,0,0,"0,25",0,0
Milla,,,,0,,,0,0,,,FALSE,FALSE,FALSE,,0,0,"0,25",0,0
Milla,,,,0,,,0,0,,,FALSE,FALSE,FALSE,,0,0,"0,25",0,0
Milla,,,,0,,,0,0,,,FALSE,FALSE,FALSE,,0,0,"0,25",0,0
Milla,,,,0,,,0,0,,,FALSE,FALSE,FALSE,,0,0,"0,25",0,0
Milla,,,,0,,,0,0,,,FALSE,FALSE,FALSE,,0,0,"0,25",0,0
Milla,,,,0,,,0,0,,,FALSE,FALSE,FALSE,,0,0,"0,25",0,0
Milla,,,,0,,,0,0,,,FALSE,FALSE,FALSE,,0,0,"0,25",0,0
Milla,,,,0,,,0,0,,,FALSE,FALSE,FALSE,,0,0,"0,25",0,0
Milla,,,,0,,,0,0,,,FALSE,FALSE,FALSE,,0,0,"0,25",0,0
Milla,,,,0,,,0,0,,,FALSE,FALSE,FALSE,,0,0,"0,25",0,0
Milla,,,,0,,,0,0,,,FALSE,FALSE,FALSE,,0,0,"0,25",0,0
Milla,,,,0,,,0,0,,,FALSE,FALSE,FALSE,,0,0,"0,25",0,0
Milla,,,,0,,,0,0,,,FALSE,FALSE,FALSE,,0,0,"0,25",0,0
Milla,,,,0,,,0,0,,,FALSE,FALSE,FALSE,,0,0,"0,25",0,0
Milla,,,,0,,,0,0,,,FALSE,FALSE,FALSE,,0,0,"0,25",0,0
Milla,,,,0,,,0,0,,,FALSE,FALSE,FALSE,,0,0,"0,25",0,0
Milla,,,,0,,,0,0,,,FALSE,FALSE,FALSE,,0,0,"0,25",0,0
Milla,,,,0,,,0,0,,,FALSE,FALSE,FALSE,,0,0,"0,25",0,0
Milla,,,,0,,,0,0,,,FALSE,FALSE,FALSE,,0,0,"0,25",0,0
Milla,,,,0,,,0,0,,,FALSE,FALSE,FALSE,,0,0,"0,25",0,0
Milla,,,,0,,,0,0,,,FALSE,FALSE,FALSE,,0,0,"0,25",0,0
Milla,,,,0,,,0,0,,,FALSE,FALSE,FALSE,,0,0,"0,25",0,0
Milla,,,,0,,,0,0,,,FALSE,FALSE,FALSE,,0,0,"0,25",0,0
Milla,,,,0,,,0,0,,,FALSE,FALSE,FALSE,,0,0,"0,25",0,0
Milla,,,,,,,,,,,,,FALSE,,,,,,0
Milla,,,,,,,,,,,,,FALSE,,,,,,0
Milla,,,,,,,,,,,,,FALSE,,,,,,0
Milla,,,,,,,,,,,,,FALSE,,,,,,0
Milla,"El client respon de la custòdia, assegurança i de qualsevol pèrdua, robatori, dany o eventualitat dels lingots.",,,,,,,,,,,,FALSE,,,,,,0
Milla,,,,,,,,,,,,,FALSE,,,,,,0
Milla,,,,,,,,,,,,,FALSE,,,,,,0
Milla,,,,,,,,,,,,,FALSE,,,,,,0
Milla,firmat client:,,,,,,,,,,,,FALSE,,,,,,0
Milla,,,,,,,,,,,,,FALSE,,,,,,0
Milla,,,,,,,,,,,,,FALSE,,,,,,0
Milla,,,,,,,,,,,,,FALSE,,,,,,0
Milla,,,,,,,,,,,,,FALSE,,,,,,0
Milla,,,,,,,,,,,,,FALSE,,,,,,0
Milla,,,,,,,,,,,,,FALSE,,,,,,0
Milla,,,,,,,,,,,,,FALSE,,,,,,0
Milla,,,,,,,,,,,,,FALSE,,,,,,0
Milla,,,,,,,,,,,,,FALSE,,,,,,0
Milla,,,,,,,,,,,,,FALSE,,,,,,0
Milla,,,,,,,,,,,,,FALSE,,,,,,0
Milla,,,,,,,,,,,,,FALSE,,,,,,0
Milla,,,,,,,,,,,,,FALSE,,,,,,0
Milla,,,,,,,,,,,,,FALSE,,,,,,0
Milla,,,,,,,,,,,,,FALSE,,,,,,0
Milla,,,,,,,,,,,,,FALSE,,,,,,0
Milla,,,,,,,,,,,,,FALSE,,,,,,0
Milla,,,,,,,,,,,,,FALSE,,,,,,0
Milla,,,,,,,,,,,,,FALSE,,,,,,0
Milla,,,,,,,,,,,,,FALSE,,,,,,0
Milla,,,,,,,,,,,,,FALSE,,,,,,0
Milla,,,,,,,,,,,,,FALSE,,,,,,0
Milla,,,,,,,,,,,,,FALSE,,,,,,0
Milla,,,,,,,,,,,,,FALSE,,,,,,0
Milla,,,,,,,,,,,,,FALSE,,,,,,0
Milla,,,,,,,,,,,,,FALSE,,,,,,0
Milla,,,,,,,,,,,,,FALSE,,,,,,0
Milla,,,,,,,,,,,,,FALSE,,,,,,0
Milla,,,,,,,,,,,,,FALSE,,,,,,0
Milla,,,,,,,,,,,,,FALSE,,,,,,0
Milla,,,,,,,,,,,,,FALSE,,,,,,0
Milla,,,,,,,,,,,,,FALSE,,,,,,0
Milla,,,,,,,,,,,,,FALSE,,,,,,0
Milla,,,,,,,,,,,,,FALSE,,,,,,0
Milla,,,,,,,,,,,,,FALSE,,,,,,0
Milla,,,,,,,,,,,,,FALSE,,,,,,0
Milla,,,,,,,,,,,,,FALSE,,,,,,0
Milla,,,,,,,,,,,,,FALSE,,,,,,0
Milla,,,,,,,,,,,,,FALSE,,,,,,0
Milla,,,,,,,,,,,,,FALSE,,,,,,0
Milla,,,,,,,,,,,,,FALSE,,,,,,0
Milla,,,,,,,,,,,,,FALSE,,,,,,0
Milla,,,,,,,,,,,,,FALSE,,,,,,0
Milla,,,,,,,,,,,,,FALSE,,,,,,0
Milla,,,,,,,,,,,,,FALSE,,,,,,0
Milla,,,,,,,,,,,,,FALSE,,,,,,0
Milla,,,,,,,,,,,,,FALSE,,,,,,0
Milla,,,,,,,,,,,,,FALSE,,,,,,0
Milla,,,,,,,,,,,,,FALSE,,,,,,0
Milla,,,,,,,,,,,,,FALSE,,,,,,0
Milla,,,,,,,,,,,,,FALSE,,,,,,0
Milla,,,,,,,,,,,,,FALSE,,,,,,0
Milla,,,,,,,,,,,,,FALSE,,,,,,0
Milla,,,,,,,,,,,,,FALSE,,,,,,0
Milla,,,,,,,,,,,,,FALSE,,,,,,0
Milla,,,,,,,,,,,,,FALSE,,,,,,0
Milla,,,,,,,,,,,,,FALSE,,,,,,0
Orcash,stock,50,"63,22",3161,2023-78.pdf,15/12/2023,50,0,stock,Finalizado,TRUE,FALSE,TRUE,"1863,72","59,92","63,22","60,17","3008,5","152,5"
Orcash,stock,50,"63,22",3161,2023-78.pdf,15/12/2023,50,0,stock,Finalizado,TRUE,FALSE,TRUE,"1863,72","59,92","63,22","60,17","3008,5","152,5"
Orcash,12/dic/23,50,"63,22",3161,2023-78.pdf,15/12/2023,50,0,11-12,Finalizado,TRUE,FALSE,TRUE,"1863,72","59,92","63,22","60,17","3008,5","152,5"
Orcash,12/dic/23,50,"63,22",3161,2023-78.pdf,15/12/2023,50,0,11-12,Finalizado,TRUE,FALSE,TRUE,"1863,72","59,92","63,22","60,17","3008,5","152,5"
Orcash,21/dic/23,50,"63,98",3199,2024-07.pdf,15/01/2024,50,0,11-12,Finalizado,TRUE,FALSE,TRUE,"1877,32","60,36","63,99","60,61","3030,5","168,5"
Orcash,21/dic/23,50,"73,79","3689,5",2024-58.pdf,29/05/2024,50,0,11-12,Finalizado,TRUE,FALSE,TRUE,"2164,13","69,61","73,79","69,89","3494,5",195
Orcash,21/dic/23,50,"74,1",3705,2024-67.pdf,27/06/2024,50,0,11-12,Finalizado,TRUE,FALSE,TRUE,"2173,43","69,9","74,1","70,15","3507,5","197,5"
Orcash,21/dic/23,50,"74,1",3705,2024-67.pdf,27/06/2024,50,0,11-12,Finalizado,TRUE,FALSE,TRUE,"2173,43","69,9","74,1","70,15","3507,5","197,5"
Orcash,21/dic/23,50,"74,1",3705,2024-67.pdf,27/06/2024,50,0,11-12,Finalizado,TRUE,FALSE,TRUE,"2173,43","69,9","74,1","70,15","3507,5","197,5"
Orcash,21/dic/23,50,"77,19","3859,5",2024-89.pdf,30/08/2024,50,0,11-12,Finalizado,TRUE,FALSE,TRUE,2265,"72,82","77,19","73,07","3653,5",206
Orcash,22/apr/24,100,"75,85",7585,2024-44.pdf,18/04/2024,100,0,22-4,Finalizado,TRUE,FALSE,TRUE,"2223,84","71,5","75,79","71,75",7175,410
Orcash,22/apr/24,100,"75,85",7585,2024-44.pdf,18/04/2024,100,0,19-3,Finalizado,TRUE,FALSE,TRUE,"2223,84","71,5","75,79","71,75",7175,410
Orcash,22/apr/24,100,"75,85",7585,2024-44.pdf,18/04/2024,100,0,19-3,Finalizado,TRUE,FALSE,TRUE,"2223,84","71,5","75,79","71,75",7175,410
Orcash,22/apr/24,100,"75,85",7585,2024-44.pdf,18/04/2024,100,0,19-3,Finalizado,TRUE,FALSE,TRUE,"2223,84","71,5","75,79","71,75",7175,410
Orcash,22/apr/24,100,"75,85",7585,2024-44.pdf,18/04/2024,100,0,19-3,Finalizado,TRUE,FALSE,TRUE,"2223,84","71,5","75,79","71,75",7175,410
Orcash,22/apr/24,100,"75,85",7585,2024-44.pdf,18/04/2024,100,0,19-3,Finalizado,TRUE,FALSE,TRUE,"2223,84","71,5","75,79","71,75",7175,410
Orcash,22/apr/24,100,"75,85",7585,2024-44.pdf,18/04/2024,100,0,19-3,Finalizado,TRUE,FALSE,TRUE,"2223,84","71,5","75,79","71,75",7175,410
Orcash,22/apr/24,100,"75,85",7585,2024-44.pdf,18/04/2024,100,0,19-3,Finalizado,TRUE,FALSE,TRUE,"2223,84","71,5","75,79","71,75",7175,410
Orcash,12/jul/24,50,"76,91","3845,5",2024-90.pdf,2/09/2024,50,0,22-4,Finalizado,TRUE,FALSE,TRUE,"2256,3","72,55","76,91","72,8",3640,"205,5"
Orcash,12/jul/24,50,"76,91","3845,5",2024-90.pdf,2/09/2024,50,0,22-4,Finalizado,TRUE,FALSE,TRUE,"2256,3","72,55","76,91","72,8",3640,"205,5"
Orcash,01/oct/24,50,,0,,,0,50,26-9,Finalizado,FALSE,TRUE,FALSE,,0,0,"0,25","12,5","-12,5"
Orcash,01/oct/24,50,,0,,,0,50,26-9,Finalizado,FALSE,TRUE,FALSE,,0,0,"0,25","12,5","-12,5"
Orcash,01/oct/24,50,,0,,,0,50,26-9,Finalizado,FALSE,TRUE,FALSE,,0,0,"0,25","12,5","-12,5"
Orcash,01/oct/24,50,,0,,,0,50,26-9,Finalizado,FALSE,TRUE,FALSE,,0,0,"0,25","12,5","-12,5"
Orcash,01/oct/24,50,,0,,,0,50,26-9,Finalizado,FALSE,TRUE,FALSE,,0,0,"0,25","12,5","-12,5"
Orcash,16/sep/25,50,"105,59","5279,5",2025-124.pdf,16/09/2025,50,0,16-9,Finalizado,TRUE,FALSE,TRUE,"3097,96","99,61","105,59","99,86",4993,"286,5"
Orcash,16/sep/25,50,"105,59","5279,5",2025-124.pdf,16/09/2025,50,0,16-9,Finalizado,TRUE,FALSE,TRUE,"3097,96","99,61","105,59","99,86",4993,"286,5"
Orcash,16/sep/25,"58,5","105,59","6177,015",2025-124.pdf,16/09/2025,"58,5",0,16-9,Finalizado,TRUE,FALSE,TRUE,"3097,96","99,61","105,59","99,86","5841,81","335,205"
Orcash,16/sep/25,50,,0,,,0,50,16-9,Finalizado,FALSE,TRUE,FALSE,"3654,11","117,49","124,54","117,74",5887,-5887
Orcash,16/sep/25,50,,0,,,0,50,16-9,Finalizado,FALSE,TRUE,FALSE,,0,0,"0,25","12,5","-12,5"
Orcash,16/sep/25,50,"120,12",6006,2025-158.pdf,13/10/2025,50,0,16-9,Finalizado,TRUE,FALSE,TRUE,"3524,5","113,32","120,12","113,57","5678,5","327,5"
Orcash,16/sep/25,50,"122,12",6106,2025-159.pdf,14/10/2025,50,0,16-9,Finalizado,TRUE,FALSE,TRUE,"3582,96","115,2","122,12","115,45","5772,5","333,5"
Orcash,05/nov/25,50,"124,54",6227,2025-169.pdf,20/10/2025,50,0,5-11,Finalizado,TRUE,FALSE,TRUE,"3654,11","117,49","124,54","117,74",5887,340
Orcash,05/nov/25,50,"124,54",6227,2025-169.pdf,20/10/2025,50,0,5-11,Finalizado,TRUE,FALSE,TRUE,"3654,11","117,49","124,54","117,74",5887,340
Orcash,05/nov/25,50,"124,54",6227,2025-169.pdf,20/10/2025,50,0,5-11,Finalizado,TRUE,FALSE,TRUE,"3654,11","117,49","124,54","117,74",5887,340
Orcash,05/nov/25,50,"124,54",6227,2025-169.pdf,20/10/2025,50,0,5-11,Finalizado,TRUE,FALSE,TRUE,"3654,11","117,49","124,54","117,74",5887,340
Orcash,05/nov/25,200,"117,74",23548,2025-191.pdf,5/11/2025,200,0,5-11,Finalizado,TRUE,FALSE,TRUE,"3454,66","111,07","117,74","111,32",22264,1284
Orcash,05/nov/25,50,"117,97","5898,5",2025-194.pdf,6/11/2025,50,0,5-11,Finalizado,TRUE,FALSE,TRUE,"3461,46","111,29","117,97","111,54",5577,"321,5"
Orcash,05/nov/25,50,"117,97","5898,5",2025-194.pdf,6/11/2025,50,0,5-11,Finalizado,TRUE,FALSE,TRUE,"3461,46","111,29","117,97","111,54",5577,"321,5"
Orcash,05/nov/25,50,"117,97","5898,5",2025-194.pdf,6/11/2025,50,0,5-11,Finalizado,TRUE,FALSE,TRUE,"3461,46","111,29","117,97","111,54",5577,"321,5"
Orcash,05/nov/25,50,"117,97","5898,5",2025-194.pdf,6/11/2025,50,0,5-11,Finalizado,TRUE,FALSE,TRUE,"3461,46","111,29","117,97","111,54",5577,"321,5"
Orcash,,,,0,,,0,0,,,FALSE,FALSE,FALSE,,0,0,"0,25",0,0
Orcash,,,,0,,,0,0,,,FALSE,FALSE,FALSE,,0,0,"0,25",0,0
Orcash,,,,0,,,0,0,,,FALSE,FALSE,FALSE,,0,0,"0,25",0,0
Orcash,,,,0,,,0,0,,,FALSE,FALSE,FALSE,,0,0,"0,25",0,0
Orcash,,,,0,,,0,0,,,FALSE,FALSE,FALSE,,0,0,"0,25",0,0
Orcash,,,,0,,,0,0,,,FALSE,FALSE,FALSE,,0,0,"0,25",0,0
Orcash,,,,0,,,0,0,,,FALSE,FALSE,FALSE,,0,0,"0,25",0,0
Orcash,,,,0,,,0,0,,,FALSE,FALSE,FALSE,,0,0,"0,25",0,0
Orcash,,,,0,,,0,0,,,FALSE,FALSE,FALSE,,0,0,"0,25",0,0
Orcash,,,,0,,,0,0,,,FALSE,FALSE,FALSE,,0,0,"0,25",0,0
Orcash,,,,0,,,0,0,,,FALSE,FALSE,FALSE,,0,0,"0,25",0,0
Orcash,,,,0,,,0,0,,,FALSE,FALSE,FALSE,,0,0,"0,25",0,0
Orcash,,,,0,,,0,0,,,FALSE,FALSE,FALSE,,0,0,"0,25",0,0
Orcash,,,,0,,,0,0,,,FALSE,FALSE,FALSE,,0,0,"0,25",0,0
Orcash,,,,0,,,0,0,,,FALSE,FALSE,FALSE,,0,0,"0,25",0,0
Orcash,,,,0,,,0,0,,,FALSE,FALSE,FALSE,,0,0,"0,25",0,0
Orcash,,,,0,,,0,0,,,FALSE,FALSE,FALSE,,0,0,"0,25",0,0
Orcash,,,,0,,,0,0,,,FALSE,FALSE,FALSE,,0,0,"0,25",0,0
Orcash,,,,0,,,0,0,,,FALSE,FALSE,FALSE,,0,0,"0,25",0,0
Orcash,,,,0,,,0,0,,,FALSE,FALSE,FALSE,,0,0,"0,25",0,0
Orcash,,,,0,,,0,0,,,FALSE,FALSE,FALSE,,0,0,"0,25",0,0
Orcash,,,,0,,,0,0,,,FALSE,FALSE,FALSE,,0,0,"0,25",0,0
Orcash,,,,0,,,0,0,,,FALSE,FALSE,FALSE,,0,0,"0,25",0,0
Orcash,,,,0,,,0,0,,,FALSE,FALSE,FALSE,,0,0,"0,25",0,0
Orcash,,,,0,,,0,0,,,FALSE,FALSE,FALSE,,0,0,"0,25",0,0
Orcash,,,,0,,,0,0,,,FALSE,FALSE,FALSE,,0,0,"0,25",0,0
Orcash,,,,0,,,0,0,,,FALSE,FALSE,FALSE,,0,0,"0,25",0,0
Orcash,,,,0,,,0,0,,,FALSE,FALSE,FALSE,,0,0,"0,25",0,0
Orcash,,,,0,,,0,0,,,FALSE,FALSE,FALSE,,0,0,"0,25",0,0
Orcash,,,,0,,,0,0,,,FALSE,FALSE,FALSE,,0,0,"0,25",0,0
Orcash,,,,0,,,0,0,,,FALSE,FALSE,FALSE,,0,0,"0,25",0,0
Orcash,,,,0,,,0,0,,,FALSE,FALSE,FALSE,,0,0,"0,25",0,0
Orcash,,,,0,,,0,0,,,FALSE,FALSE,FALSE,,0,0,"0,25",0,0
Orcash,,,,0,,,0,0,,,FALSE,FALSE,FALSE,,0,0,"0,25",0,0
Orcash,,,,0,,,0,0,,,FALSE,FALSE,FALSE,,0,0,"0,25",0,0
Orcash,,,,0,,,0,0,,,FALSE,FALSE,FALSE,,0,0,"0,25",0,0
Orcash,,,,0,,,0,0,,,FALSE,FALSE,FALSE,,0,0,"0,25",0,0
Orcash,,,,0,,,0,0,,,FALSE,FALSE,FALSE,,0,0,"0,25",0,0
Orcash,,,,0,,,0,0,,,FALSE,FALSE,FALSE,,0,0,"0,25",0,0
Orcash,,,,0,,,0,0,,,FALSE,FALSE,FALSE,,0,0,"0,25",0,0
Orcash,,,,0,,,0,0,,,FALSE,FALSE,FALSE,,0,0,"0,25",0,0
Orcash,,,,0,,,0,0,,,FALSE,FALSE,FALSE,,0,0,"0,25",0,0
Orcash,,,,0,,,0,0,,,FALSE,FALSE,FALSE,,0,0,"0,25",0,0
Orcash,,,,,,,,,,,,,FALSE,,,,,,0
Orcash,,,,,,,,,,,,,FALSE,,,,,,0
Orcash,"El client respon de la custòdia, assegurança i de qualsevol pèrdua, robatori, dany o eventualitat dels lingots.",,,,,,,,,,,,FALSE,,,,,,0
Orcash,,,,,,,,,,,,,FALSE,,,,,,0
Orcash,,,,,,,,,,,,,FALSE,,,,,,0
Orcash,,,,,,,,,,,,,FALSE,,,,,,0
Orcash,firmat client:,,,,,,,,,,,,FALSE,,,,,,0
Orcash,,,,,,,,,,,,,FALSE,,,,,,0
Orcash,,,,,,,,,,,,,FALSE,,,,,,0
Orcash,,,,,,,,,,,,,FALSE,,,,,,0
Orcash,,,,,,,,,,,,,FALSE,,,,,,0
Orcash,,,,,,,,,,,,,FALSE,,,,,,0
Orcash,,,,,,,,,,,,,FALSE,,,,,,0
Orcash,#REF!,#REF!,#REF!,#REF!,#REF!,#REF!,#REF!,#REF!,#REF!,#REF!,,,#REF!,,,,,,#REF!
Orcash,#REF!,#REF!,#REF!,#REF!,#REF!,#REF!,#REF!,#REF!,#REF!,#REF!,,,#REF!,,,,,,#REF!
Orcash,,,,,,,,,,,,,FALSE,,,,,,0
Orcash,,,,,,,,,,,,,FALSE,,,,,,0
Orcash,,,,,,,,,,,,,FALSE,,,,,,0
Orcash,,,,,,,,,,,,,FALSE,,,,,,0
Orcash,,,,,,,,,,,,,FALSE,,,,,,0
Orcash,,,,,,,,,,,,,FALSE,,,,,,0
Orcash,,,,,,,,,,,,,FALSE,,,,,,0
Orcash,,,,,,,,,,,,,FALSE,,,,,,0
Orcash,,,,,,,,,,,,,FALSE,,,,,,0
Orcash,,,,,,,,,,,,,FALSE,,,,,,0
Orcash,,,,,,,,,,,,,FALSE,,,,,,0
Orcash,,,,,,,,,,,,,FALSE,,,,,,0
Orcash,,,,,,,,,,,,,FALSE,,,,,,0
Orcash,,,,,,,,,,,,,FALSE,,,,,,0
Orcash,,,,,,,,,,,,,FALSE,,,,,,0
Orcash,,,,,,,,,,,,,FALSE,,,,,,0
Orcash,,,,,,,,,,,,,FALSE,,,,,,0
Orcash,,,,,,,,,,,,,FALSE,,,,,,0
Orcash,,,,,,,,,,,,,FALSE,,,,,,0
Orcash,,,,,,,,,,,,,FALSE,,,,,,0
Orcash,,,,,,,,,,,,,FALSE,,,,,,0
Orcash,,,,,,,,,,,,,FALSE,,,,,,0
Orcash,,,,,,,,,,,,,FALSE,,,,,,0
Orcash,,,,,,,,,,,,,FALSE,,,,,,0
Orcash,,,,,,,,,,,,,FALSE,,,,,,0
Orcash,,,,,,,,,,,,,FALSE,,,,,,0
Orcash,,,,,,,,,,,,,FALSE,,,,,,0
Orcash,,,,,,,,,,,,,FALSE,,,,,,0
Orcash,,,,,,,,,,,,,FALSE,,,,,,0
Orcash,,,,,,,,,,,,,FALSE,,,,,,0
Orcash,,,,,,,,,,,,,FALSE,,,,,,0
Orcash,,,,,,,,,,,,,FALSE,,,,,,0
Orcash,,,,,,,,,,,,,FALSE,,,,,,0
Orcash,,,,,,,,,,,,,FALSE,,,,,,0
Orcash,,,,,,,,,,,,,FALSE,,,,,,0
Orcash,,,,,,,,,,,,,FALSE,,,,,,0
Orcash,,,,,,,,,,,,,FALSE,,,,,,0
Orcash,,,,,,,,,,,,,FALSE,,,,,,0
Orcash,,,,,,,,,,,,,FALSE,,,,,,0
Orcash,,,,,,,,,,,,,FALSE,,,,,,0
Orcash,,,,,,,,,,,,,FALSE,,,,,,0
Orcash,,,,,,,,,,,,,FALSE,,,,,,0
Orcash,,,,,,,,,,,,,FALSE,,,,,,0
Orcash,,,,,,,,,,,,,FALSE,,,,,,0
Orcash,,,,,,,,,,,,,FALSE,,,,,,0
Orcash,,,,,,,,,,,,,FALSE,,,,,,0
Orcash,,,,,,,,,,,,,FALSE,,,,,,0
Orcash,,,,,,,,,,,,,FALSE,,,,,,0
Orcash,,,,,,,,,,,,,FALSE,,,,,,0
Orcash,,,,,,,,,,,,,FALSE,,,,,,0
Orcash,,,,,,,,,,,,,FALSE,,,,,,0
Raco/Gaudia,,,,,,20/11/2023,,,,,FALSE,,TRUE,,,,"0,25",,0
Raco/Gaudia,stock,50,"76,62",3831,2024-83.pdf,23/08/2024,50,0,stock,Finalizado,TRUE,FALSE,TRUE,"2248,15","72,28","76,62","72,53","3626,5","204,5"
Raco/Gaudia,01/oct/24,50,82,4100,2024-100.pdf,2/10/2024,50,0,26-9,Finalizado,TRUE,FALSE,TRUE,"2405,69","77,35",82,"77,6",3880,220
Raco/Gaudia,01/oct/24,50,82,4100,2024-100.pdf,2/10/2024,50,0,26-9,Finalizado,TRUE,FALSE,TRUE,"2405,69","77,35",82,"77,6",3880,220
Raco/Gaudia,3/oct/24,50,"90,9",4545,2025-10.pdf,30/01/2025,50,0,26-9,Finalizado,TRUE,FALSE,TRUE,"2666,98","85,75","90,9",86,4300,245
Raco/Gaudia,3/oct/24,50,"91,66",4583,2025-24.pdf,6/03/2025,50,0,26-9,Finalizado,TRUE,FALSE,TRUE,"2689,5","86,47","91,66","86,72",4336,247
Raco/Gaudia,3/oct/24,50,"91,73","4586,5",2025-25.pdf,6/03/2025,50,0,26-9,Finalizado,TRUE,FALSE,TRUE,"2691,19","86,53","91,73","86,78",4339,"247,5"
Raco/Gaudia,12/mar/25,50,,0,,,0,50,26-9,Finalizado,FALSE,TRUE,FALSE,,0,0,"0,25","12,5","-12,5"
Raco/Gaudia,12/mar/25,50,"102,43","5121,5",2025-50.pdf,22/04/2025,50,0,26-9,Finalizado,TRUE,FALSE,TRUE,"3005,36","96,63","102,43","96,88",4844,"277,5"
Raco/Gaudia,12/mar/25,50,"102,43","5121,5",2025-50.pdf,22/04/2025,50,0,26-9,Finalizado,TRUE,FALSE,TRUE,"3005,36","96,63","102,43","96,88",4844,"277,5"
Raco/Gaudia,07/may/25,50,"100,38",5019,2025-67.pdf,3/06/2025,50,0,7-5,Finalizado,TRUE,FALSE,TRUE,"2944,98","94,69","100,38","94,94",4747,272
Raco/Gaudia,07/may/25,50,"99,23","4961,5",2025-74.pdf,11/06/2025,50,0,7-5,Finalizado,TRUE,FALSE,TRUE,"2911,54","93,61","99,23","93,86",4693,"268,5"
Raco/Gaudia,11/JUN/25,50,"100,26",5013,2025-78.pdf,18/06/2025,50,0,7-5,Finalizado,TRUE,FALSE,TRUE,"2941,83","94,58","100,26","94,83","4741,5","271,5"
Raco/Gaudia,11/JUN/25,50,"96,6",4830,2025-96.pdf,10/07/2025,50,0,7-5,Finalizado,TRUE,FALSE,TRUE,"2834,4","91,13","96,6","91,38",4569,261
Raco/Gaudia,11/JUN/25,50,"96,6",4830,2025-96.pdf,10/07/2025,50,0,7-5,Finalizado,TRUE,FALSE,TRUE,"2834,4","91,13","96,6","91,38",4569,261
Raco/Gaudia,16/jul/25,50,"96,78",4839,2025-102.pdf,25/07/2025,50,0,7-5,Finalizado,TRUE,FALSE,TRUE,"2839,62","91,3","96,78","91,55","4577,5","261,5"
Raco/Gaudia,16/jul/25,50,"98,19","4909,5",2025-107.pdf,11/08/2025,50,0,7-5,Finalizado,TRUE,FALSE,TRUE,"2880,76","92,63","98,19","92,88",4644,"265,5"
Raco/Gaudia,16/jul/25,50,"98,19","4909,5",2025-107.pdf,11/08/2025,50,0,7-5,Finalizado,TRUE,FALSE,TRUE,"2880,76","92,63","98,19","92,88",4644,"265,5"
Raco/Gaudia,11/ago/25,50,"98,19","4909,5",2025-107.pdf,11/08/2025,50,0,7-5,Finalizado,TRUE,FALSE,TRUE,"2880,76","92,63","98,19","92,88",4644,"265,5"
Raco/Gaudia,11/ago/25,50,"98,19","4909,5",2025-107.pdf,11/08/2025,50,0,7-5,Finalizado,TRUE,FALSE,TRUE,"2880,76","92,63","98,19","92,88",4644,"265,5"
Raco/Gaudia,16/sep/25,50,"105,97","5298,5",2025-132.pdf,17/09/2025,50,0,16-9,Finalizado,TRUE,FALSE,TRUE,"3106,72","99,97","105,97","100,22",5011,"287,5"
Raco/Gaudia,16/sep/25,50,"105,97","5298,5",2025-132.pdf,17/09/2025,50,0,16-9,Finalizado,TRUE,FALSE,TRUE,"3106,72","99,97","105,97","100,22",5011,"287,5"
Raco/Gaudia,16/sep/25,50,"105,97","5298,5",2025-132.pdf,17/09/2025,50,0,16-9,Finalizado,TRUE,FALSE,TRUE,"3106,72","99,97","105,97","100,22",5011,"287,5"
Raco/Gaudia,16/sep/25,50,"109,02",5451,2025-141.pdf,24/09/2025,50,0,16-9,Finalizado,TRUE,FALSE,TRUE,"3198,49","102,84","109,02","103,09","5154,5","296,5"
Raco/Gaudia,18/sep/25,50,"111,59","5579,5",2025-142.pdf,30/09/2025,50,0,16-9,Finalizado,TRUE,FALSE,TRUE,"3272,97","105,27","111,59","105,52",5276,"303,5"
Raco/Gaudia,18/sep/25,50,"112,65","5632,5",2025-144.pdf,2/10/2025,50,0,16-9,Finalizado,TRUE,FALSE,TRUE,"3305,07","106,27","112,65","106,52",5326,"306,5"
Raco/Gaudia,18/sep/25,50,"115,79","5789,5",2025-151.pdf,7/10/2025,50,0,16-9,Finalizado,TRUE,FALSE,TRUE,"3395,7","109,23","115,79","109,48",5474,"315,5"
Raco/Gaudia,18/sep/25,50,"115,79","5789,5",2025-151.pdf,7/10/2025,50,0,16-9,Finalizado,TRUE,FALSE,TRUE,"3395,7","109,23","115,79","109,48",5474,"315,5"
Raco/Gaudia,08/oct/25,50,"115,79","5789,5",2025-151.pdf,7/10/2025,50,0,16-9,Finalizado,TRUE,FALSE,TRUE,"3395,7","109,23","115,79","109,48",5474,"315,5"
Raco/Gaudia,08/oct/25,50,"115,79","5789,5",2025-151.pdf,7/10/2025,50,0,16-9,Finalizado,TRUE,FALSE,TRUE,"3395,7","109,23","115,79","109,48",5474,"315,5"
Raco/Gaudia,08/oct/25,50,"115,79","5789,5",2025-151.pdf,7/10/2025,50,0,16-9,Finalizado,TRUE,FALSE,TRUE,"3395,7","109,23","115,79","109,48",5474,"315,5"
Raco/Gaudia,08/oct/25,50,"115,79","5789,5",2025-151.pdf,7/10/2025,50,0,16-9,Finalizado,TRUE,FALSE,TRUE,"3395,7","109,23","115,79","109,48",5474,"315,5"
Raco/Gaudia,08/oct/25,50,"115,79","5789,5",2025-151.pdf,7/10/2025,50,0,16-9,Finalizado,TRUE,FALSE,TRUE,"3395,7","109,23","115,79","109,48",5474,"315,5"
Raco/Gaudia,08/oct/25,50,"115,79","5789,5",2025-151.pdf,7/10/2025,50,0,16-9,Finalizado,TRUE,FALSE,TRUE,"3395,7","109,23","115,79","109,48",5474,"315,5"
Raco/Gaudia,08/oct/25,50,"115,79","5789,5",2025-151.pdf,7/10/2025,50,0,16-9,Finalizado,TRUE,FALSE,TRUE,"3395,7","109,23","115,79","109,48",5474,"315,5"
Raco/Gaudia,08/oct/25,50,"115,79","5789,5",2025-151.pdf,7/10/2025,50,0,16-9,Finalizado,TRUE,FALSE,TRUE,"3395,7","109,23","115,79","109,48",5474,"315,5"
Raco/Gaudia,08/oct/25,50,"115,79","5789,5",2025-151.pdf,7/10/2025,50,0,16-9,Finalizado,TRUE,FALSE,TRUE,"3395,7","109,23","115,79","109,48",5474,"315,5"
Raco/Gaudia,08/oct/25,50,"115,79","5789,5",2025-151.pdf,7/10/2025,50,0,16-9,Finalizado,TRUE,FALSE,TRUE,"3395,7","109,23","115,79","109,48",5474,"315,5"
Raco/Gaudia,08/oct/25,50,"115,79","5789,5",2025-151.pdf,7/10/2025,50,0,16-9,Finalizado,TRUE,FALSE,TRUE,"3395,7","109,23","115,79","109,48",5474,"315,5"
Raco/Gaudia,08/oct/25,50,"115,79","5789,5",2025-151.pdf,7/10/2025,50,0,16-9,Finalizado,TRUE,FALSE,TRUE,"3395,7","109,23","115,79","109,48",5474,"315,5"
Raco/Gaudia,08/oct/25,50,"115,79","5789,5",2025-151.pdf,7/10/2025,50,0,16-9,Finalizado,TRUE,FALSE,TRUE,"3395,7","109,23","115,79","109,48",5474,"315,5"
Raco/Gaudia,08/oct/25,50,"115,79","5789,5",2025-151.pdf,7/10/2025,50,0,16-9,Finalizado,TRUE,FALSE,TRUE,"3395,7","109,23","115,79","109,48",5474,"315,5"
Raco/Gaudia,08/oct/25,50,"115,79","5789,5",2025-151.pdf,7/10/2025,50,0,16-9,Finalizado,TRUE,FALSE,TRUE,"3395,7","109,23","115,79","109,48",5474,"315,5"
Raco/Gaudia,08/oct/25,50,"115,79","5789,5",2025-151.pdf,7/10/2025,50,0,16-9,Finalizado,TRUE,FALSE,TRUE,"3395,7","109,23","115,79","109,48",5474,"315,5"
Raco/Gaudia,08/oct/25,50,"115,79","5789,5",2025-151.pdf,7/10/2025,50,0,16-9,Finalizado,TRUE,FALSE,TRUE,"3395,7","109,23","115,79","109,48",5474,"315,5"
Raco/Gaudia,08/oct/25,50,"115,79","5789,5",2025-151.pdf,7/10/2025,50,0,16-9,Finalizado,TRUE,FALSE,TRUE,"3395,7","109,23","115,79","109,48",5474,"315,5"
Raco/Gaudia,08/oct/25,50,"115,79","5789,5",2025-151.pdf,7/10/2025,50,0,16-9,Finalizado,TRUE,FALSE,TRUE,"3395,7","109,23","115,79","109,48",5474,"315,5"
Raco/Gaudia,05/nov/25,50,"115,79","5789,5",2025-151.pdf,7/10/2025,50,0,5-11,Finalizado,TRUE,FALSE,TRUE,"3395,7","109,23","115,79","109,48",5474,"315,5"
Raco/Gaudia,05/nov/25,50,"115,79","5789,5",2025-151.pdf,7/10/2025,50,0,5-11,Finalizado,TRUE,FALSE,TRUE,"3395,7","109,23","115,79","109,48",5474,"315,5"
Raco/Gaudia,05/nov/25,50,"115,79","5789,5",2025-151.pdf,7/10/2025,50,0,5-11,Finalizado,TRUE,FALSE,TRUE,"3395,7","109,23","115,79","109,48",5474,"315,5"
Raco/Gaudia,05/nov/25,50,"115,79","5789,5",2025-151.pdf,7/10/2025,50,0,5-11,Finalizado,TRUE,FALSE,TRUE,"3395,7","109,23","115,79","109,48",5474,"315,5"
Raco/Gaudia,05/nov/25,50,"115,79","5789,5",2025-151.pdf,7/10/2025,50,0,5-11,Finalizado,TRUE,FALSE,TRUE,"3395,7","109,23","115,79","109,48",5474,"315,5"
Raco/Gaudia,05/nov/25,50,"115,79","5789,5",2025-151.pdf,7/10/2025,50,0,5-11,Finalizado,TRUE,FALSE,TRUE,"3395,7","109,23","115,79","109,48",5474,"315,5"
Raco/Gaudia,05/nov/25,50,"115,79","5789,5",2025-151.pdf,7/10/2025,50,0,5-11,Finalizado,TRUE,FALSE,TRUE,"3395,7","109,23","115,79","109,48",5474,"315,5"
Raco/Gaudia,05/nov/25,50,"115,79","5789,5",2025-151.pdf,7/10/2025,50,0,5-11,Finalizado,TRUE,FALSE,TRUE,"3395,7","109,23","115,79","109,48",5474,"315,5"
Raco/Gaudia,05/nov/25,50,"115,79","5789,5",2025-151.pdf,7/10/2025,50,0,5-11,Finalizado,TRUE,FALSE,TRUE,"3395,7","109,23","115,79","109,48",5474,"315,5"
Raco/Gaudia,05/nov/25,50,"115,79","5789,5",2025-151.pdf,7/10/2025,50,0,5-11,Finalizado,TRUE,FALSE,TRUE,"3395,7","109,23","115,79","109,48",5474,"315,5"
Raco/Gaudia,05/nov/25,50,"115,79","5789,5",2025-151.pdf,7/10/2025,50,0,5-11,Finalizado,TRUE,FALSE,TRUE,"3395,7","109,23","115,79","109,48",5474,"315,5"
Raco/Gaudia,05/nov/25,50,"115,79","5789,5",2025-151.pdf,7/10/2025,50,0,5-11,Finalizado,TRUE,FALSE,TRUE,"3395,7","109,23","115,79","109,48",5474,"315,5"
Raco/Gaudia,05/nov/25,50,"115,79","5789,5",2025-151.pdf,7/10/2025,50,0,5-11,Finalizado,TRUE,FALSE,TRUE,"3395,7","109,23","115,79","109,48",5474,"315,5"
Raco/Gaudia,05/nov/25,50,"115,79","5789,5",2025-151.pdf,7/10/2025,50,0,5-11,Finalizado,TRUE,FALSE,TRUE,"3395,7","109,23","115,79","109,48",5474,"315,5"
Raco/Gaudia,05/nov/25,50,"115,79","5789,5",2025-151.pdf,7/10/2025,50,0,5-11,Finalizado,TRUE,FALSE,TRUE,,"109,23","115,79","109,48",5474,"315,5"
Raco/Gaudia,05/nov/25,50,"115,79","5789,5",2025-151.pdf,7/10/2025,50,0,5-11,Finalizado,TRUE,FALSE,TRUE,,"109,23","115,79","109,48",5474,"315,5"
Raco/Gaudia,05/nov/25,50,"115,79","5789,5",2025-151.pdf,7/10/2025,50,0,5-11,Finalizado,TRUE,FALSE,TRUE,,"109,23","115,79","109,48",5474,"315,5"
Raco/Gaudia,05/nov/25,50,"115,79","5789,5",2025-151.pdf,7/10/2025,50,0,5-11,Finalizado,TRUE,FALSE,TRUE,,"109,23","115,79","109,48",5474,"315,5"
Raco/Gaudia,05/nov/25,50,"115,79","5789,5",2025-151.pdf,7/10/2025,50,0,5-11,Finalizado,TRUE,FALSE,TRUE,,"109,23","115,79","109,48",5474,"315,5"
Raco/Gaudia,05/nov/25,50,"119,37","5968,5",2025-201.pdf,17/11/2025,50,0,5-11,Finalizado,TRUE,FALSE,TRUE,"3502,41","112,61","119,37","112,86",5643,"325,5"
Raco/Gaudia,05/nov/25,50,"119,37","5968,5",2025-201.pdf,17/11/2025,50,0,5-11,Finalizado,TRUE,FALSE,TRUE,"3502,41","112,61","119,37","112,86",5643,"325,5"
Raco/Gaudia,05/nov/25,50,"119,37","5968,5",2025-201.pdf,17/11/2025,50,0,5-11,Finalizado,TRUE,FALSE,TRUE,"3502,41","112,61","119,37","112,86",5643,"325,5"
Raco/Gaudia,05/nov/25,50,"119,37","5968,5",2025-201.pdf,17/11/2025,50,0,5-11,Finalizado,TRUE,FALSE,TRUE,"3502,41","112,61","119,37","112,86",5643,"325,5"
Raco/Gaudia,18/nov/25,50,"123,23","6161,5",2025-213.pdf,4/12/2025,50,0,5-11,Finalizado,TRUE,FALSE,TRUE,"3615,7","116,25","123,23","116,5",5825,"336,5"
Raco/Gaudia,18/nov/25,50,"123,08",6154,2025-214.pdf,8/12/2025,50,0,5-11,Finalizado,TRUE,FALSE,TRUE,"3611,28","116,11","123,08","116,36",5818,336
Raco/Gaudia,18/nov/25,50,"129,66",6483,2025-229.pdf,29/12/2025,50,0,5-11,Finalizado,TRUE,FALSE,TRUE,"3804,44","122,32","129,66","122,57","6128,5","354,5"
Raco/Gaudia,18/nov/25,50,"129,66",6483,2025-229.pdf,29/12/2025,50,0,5-11,Finalizado,TRUE,FALSE,TRUE,"3804,44","122,32","129,66","122,57","6128,5","354,5"
Raco/Gaudia,23/dic/25,50,"129,66",6483,2025-229.pdf,29/12/2025,50,0,5-11,Finalizado,TRUE,FALSE,TRUE,"3804,44","122,32","129,66","122,57","6128,5","354,5"
Raco/Gaudia,,,,0,,,0,0,,,FALSE,FALSE,FALSE,,0,0,"0,25",0,0
Raco/Gaudia,,,,0,,,0,0,,,FALSE,FALSE,FALSE,,0,0,"0,25",0,0
Raco/Gaudia,,,,0,,,0,0,,,FALSE,FALSE,FALSE,,0,0,"0,25",0,0
Raco/Gaudia,,,,0,,,0,0,,,FALSE,FALSE,FALSE,,0,0,"0,25",0,0
Raco/Gaudia,,,,0,,,0,0,,,FALSE,FALSE,FALSE,,0,0,"0,25",0,0
Raco/Gaudia,,,,0,,,0,0,,,FALSE,FALSE,FALSE,,0,0,"0,25",0,0
Raco/Gaudia,,,,0,,,0,0,,,FALSE,FALSE,FALSE,,0,0,"0,25",0,0
Raco/Gaudia,,,,0,,,0,0,,,FALSE,FALSE,FALSE,,0,0,"0,25",0,0
Raco/Gaudia,,,,0,,,0,0,,,FALSE,FALSE,FALSE,,0,0,"0,25",0,0
Raco/Gaudia,,,,0,,,0,0,,,FALSE,FALSE,FALSE,,0,0,"0,25",0,0
Raco/Gaudia,,,,0,,,0,0,,,FALSE,FALSE,FALSE,,0,0,"0,25",0,0
Raco/Gaudia,,,,0,,,0,0,,,FALSE,FALSE,FALSE,,0,0,"0,25",0,0
Raco/Gaudia,,,,0,,,0,0,,,FALSE,FALSE,FALSE,,0,0,"0,25",0,0
Raco/Gaudia,,,,0,,,0,0,,,FALSE,FALSE,FALSE,,0,0,"0,25",0,0
Raco/Gaudia,,,,0,,,0,0,,,FALSE,FALSE,FALSE,,0,0,"0,25",0,0
Raco/Gaudia,,,,0,,,0,0,,,FALSE,FALSE,FALSE,,0,0,"0,25",0,0
Raco/Gaudia,,,,0,,,0,0,,,FALSE,FALSE,FALSE,,0,0,"0,25",0,0
Raco/Gaudia,,,,0,,,0,0,,,FALSE,FALSE,FALSE,,0,0,"0,25",0,0
Raco/Gaudia,,,,0,,,0,0,,,FALSE,FALSE,FALSE,,0,0,"0,25",0,0
Raco/Gaudia,,,,0,,,0,0,,,FALSE,FALSE,FALSE,,0,0,"0,25",0,0
Raco/Gaudia,,,,0,,,0,0,,,FALSE,FALSE,FALSE,,0,0,"0,25",0,0
Raco/Gaudia,,,,0,,,0,0,,,FALSE,FALSE,FALSE,,0,0,"0,25",0,0
Raco/Gaudia,,,,0,,,0,0,,,FALSE,FALSE,FALSE,,0,0,"0,25",0,0
Raco/Gaudia,,,,0,,,0,0,,,FALSE,FALSE,FALSE,,0,0,"0,25",0,0
Raco/Gaudia,,,,0,,,0,0,,,FALSE,FALSE,FALSE,,0,0,"0,25",0,0
Raco/Gaudia,,,,0,,,0,0,,,FALSE,FALSE,FALSE,,0,0,"0,25",0,0
Raco/Gaudia,,,,0,,,0,0,,,FALSE,FALSE,FALSE,,0,0,"0,25",0,0
Raco/Gaudia,,,,0,,,0,0,,,FALSE,FALSE,FALSE,,0,0,"0,25",0,0
Raco/Gaudia,,,,0,,,0,0,,,FALSE,FALSE,FALSE,,0,0,"0,25",0,0
Raco/Gaudia,,,,0,,,0,0,,,FALSE,FALSE,FALSE,,0,0,"0,25",0,0
Raco/Gaudia,,,,0,,,0,0,,,FALSE,FALSE,FALSE,,0,0,"0,25",0,0
Raco/Gaudia,,,,0,,,0,0,,,FALSE,FALSE,FALSE,,0,0,"0,25",0,0
Raco/Gaudia,,,,0,,,0,0,,,FALSE,FALSE,FALSE,,0,0,"0,25",0,0
Raco/Gaudia,,,,0,,,0,0,,,FALSE,FALSE,FALSE,,0,0,"0,25",0,0
Raco/Gaudia,,,,0,,,0,0,,,FALSE,FALSE,FALSE,,0,0,"0,25",0,0
Raco/Gaudia,,,,0,,,0,0,,,FALSE,FALSE,FALSE,,0,0,"0,25",0,0
Raco/Gaudia,,,,0,,,0,0,,,FALSE,FALSE,FALSE,,0,0,"0,25",0,0
Raco/Gaudia,,,,0,,,0,0,,,FALSE,FALSE,FALSE,,0,0,"0,25",0,0
Raco/Gaudia,,,,0,,,0,0,,,FALSE,FALSE,FALSE,,0,0,"0,25",0,0
Raco/Gaudia,,,,0,,,0,0,,,FALSE,FALSE,FALSE,,0,0,"0,25",0,0
Raco/Gaudia,,,,0,,,0,0,,,FALSE,FALSE,FALSE,,0,0,"0,25",0,0
Raco/Gaudia,,,,0,,,0,0,,,FALSE,FALSE,FALSE,,0,0,"0,25",0,0
Raco/Gaudia,,,,0,,,0,0,,,FALSE,FALSE,FALSE,,0,0,"0,25",0,0
Raco/Gaudia,,,,0,,,0,0,,,FALSE,FALSE,FALSE,,0,0,"0,25",0,0
Raco/Gaudia,,,,0,,,0,0,,,FALSE,FALSE,FALSE,,0,0,"0,25",0,0
Raco/Gaudia,,,,0,,,0,0,,,FALSE,FALSE,FALSE,,0,0,"0,25",0,0
Raco/Gaudia,,,,0,,,0,0,,,FALSE,FALSE,FALSE,,0,0,"0,25",0,0
Raco/Gaudia,,,,0,,,0,0,,,FALSE,FALSE,FALSE,,0,0,"0,25",0,0
Raco/Gaudia,,,,0,,,0,0,,,FALSE,FALSE,FALSE,,0,0,"0,25",0,0
Raco/Gaudia,,,,0,,,0,0,,,FALSE,FALSE,FALSE,,0,0,"0,25",0,0
Raco/Gaudia,,,,0,,,0,0,,,FALSE,FALSE,FALSE,,0,0,"0,25",0,0
Raco/Gaudia,,,,0,,,0,0,,,FALSE,FALSE,FALSE,,0,0,"0,25",0,0
Raco/Gaudia,,,,0,,,0,0,,,FALSE,FALSE,FALSE,,0,0,"0,25",0,0
Raco/Gaudia,,,,0,,,0,0,,,FALSE,FALSE,FALSE,,0,0,"0,25",0,0
Raco/Gaudia,,,,0,,,0,0,,,FALSE,FALSE,FALSE,,0,0,"0,25",0,0
Raco/Gaudia,,,,0,,,0,0,,,FALSE,FALSE,FALSE,,0,0,"0,25",0,0
Raco/Gaudia,,,,0,,,0,0,,,FALSE,FALSE,FALSE,,0,0,"0,25",0,0
Raco/Gaudia,,,,0,,,0,0,,,FALSE,FALSE,FALSE,,0,0,"0,25",0,0
Raco/Gaudia,,,,0,,,0,0,,,FALSE,FALSE,FALSE,,0,0,"0,25",0,0
Raco/Gaudia,,,,0,,,0,0,,,FALSE,FALSE,FALSE,,0,0,"0,25",0,0
Raco/Gaudia,,,,0,,,0,0,,,FALSE,FALSE,FALSE,,0,0,"0,25",0,0
Raco/Gaudia,,,,0,,,0,0,,,FALSE,FALSE,FALSE,,0,0,"0,25",0,0
Raco/Gaudia,,,,0,,,0,0,,,FALSE,FALSE,FALSE,,0,0,"0,25",0,0
Raco/Gaudia,,,,0,,,0,0,,,FALSE,FALSE,FALSE,,0,0,"0,25",0,0
Raco/Gaudia,,,,0,,,0,0,,,FALSE,FALSE,FALSE,,0,0,"0,25",0,0
Raco/Gaudia,,,,0,,,0,0,,,FALSE,FALSE,FALSE,,0,0,"0,25",0,0
Raco/Gaudia,,,,0,,,0,0,,,FALSE,FALSE,FALSE,,0,0,"0,25",0,0
Raco/Gaudia,,,,0,,,0,0,,,FALSE,FALSE,FALSE,,0,0,"0,25",0,0
Raco/Gaudia,,,,0,,,0,0,,,FALSE,FALSE,FALSE,,0,0,"0,25",0,0
Raco/Gaudia,,,,0,,,0,0,,,FALSE,FALSE,FALSE,,0,0,"0,25",0,0
Raco/Gaudia,,,,0,,,0,0,,,FALSE,FALSE,FALSE,,0,0,"0,25",0,0
Raco/Gaudia,,,,0,,,0,0,,,FALSE,FALSE,FALSE,,0,0,"0,25",0,0
Raco/Gaudia,,,,0,,,0,0,,,FALSE,FALSE,FALSE,,0,0,"0,25",0,0
Raco/Gaudia,,,,0,,,0,0,,,FALSE,FALSE,FALSE,,0,0,"0,25",0,0
Raco/Gaudia,,,,0,,,0,0,,,FALSE,FALSE,FALSE,,0,0,"0,25",0,0
Raco/Gaudia,,,,0,,,0,0,,,FALSE,FALSE,FALSE,,0,0,"0,25",0,0
Raco/Gaudia,,,,0,,,0,0,,,FALSE,FALSE,FALSE,,0,0,"0,25",0,0
Raco/Gaudia,,,,0,,,0,0,,,FALSE,FALSE,FALSE,,0,0,"0,25",0,0
Raco/Gaudia,,,,0,,,0,0,,,FALSE,FALSE,FALSE,,0,0,"0,25",0,0
Raco/Gaudia,,,,0,,,0,0,,,FALSE,FALSE,FALSE,,0,0,"0,25",0,0
Raco/Gaudia,,,,0,,,0,0,,,FALSE,FALSE,FALSE,,0,0,"0,25",0,0
Raco/Gaudia,,,,0,,,0,0,,,FALSE,FALSE,FALSE,,0,0,"0,25",0,0
Raco/Gaudia,,,,0,,,0,0,,,FALSE,FALSE,FALSE,,0,0,"0,25",0,0
Raco/Gaudia,,,,0,,,0,0,,,FALSE,FALSE,FALSE,,0,0,"0,25",0,0
Raco/Gaudia,,,,0,,,0,0,,,FALSE,FALSE,FALSE,,0,0,"0,25",0,0
Raco/Gaudia,,,,0,,,0,0,,,FALSE,FALSE,FALSE,,0,0,"0,25",0,0
Raco/Gaudia,,,,0,,,0,0,,,FALSE,FALSE,FALSE,,0,0,"0,25",0,0
Raco/Gaudia,,,,0,,,0,0,,,FALSE,FALSE,FALSE,,0,0,"0,25",0,0
Raco/Gaudia,,,,0,,,0,0,,,FALSE,FALSE,FALSE,,0,0,"0,25",0,0
Raco/Gaudia,,,,0,,,0,0,,,FALSE,FALSE,FALSE,,0,0,"0,25",0,0
Raco/Gaudia,,,,0,,,0,0,,,FALSE,FALSE,FALSE,,0,0,"0,25",0,0
Raco/Gaudia,,,,0,,,0,0,,,FALSE,FALSE,FALSE,,0,0,"0,25",0,0
Raco/Gaudia,,,,0,,,0,0,,,FALSE,FALSE,FALSE,,0,0,"0,25",0,0
Raco/Gaudia,,,,0,,,0,0,,,FALSE,FALSE,FALSE,,0,0,"0,25",0,0
Raco/Gaudia,,,,0,,,0,0,,,FALSE,FALSE,FALSE,,0,0,"0,25",0,0
Raco/Gaudia,,,,0,,,0,0,,,FALSE,FALSE,FALSE,,0,0,"0,25",0,0
Raco/Gaudia,,,,0,,,0,0,,,FALSE,FALSE,FALSE,,0,0,"0,25",0,0
Raco/Gaudia,,,,0,,,0,0,,,FALSE,FALSE,FALSE,,0,0,"0,25",0,0
Raco/Gaudia,,,,0,,,0,0,,,FALSE,FALSE,FALSE,,0,0,"0,25",0,0
Raco/Gaudia,,,,0,,,0,0,,,FALSE,FALSE,FALSE,,0,0,"0,25",0,0
Raco/Gaudia,,,,0,,,0,0,,,FALSE,FALSE,FALSE,,0,0,"0,25",0,0
Raco/Gaudia,,,,0,,,0,0,,,FALSE,FALSE,FALSE,,0,0,"0,25",0,0
Raco/Gaudia,,,,0,,,0,0,,,FALSE,FALSE,FALSE,,0,0,"0,25",0,0
Raco/Gaudia,,,,0,,,0,0,,,FALSE,FALSE,FALSE,,0,0,"0,25",0,0
Raco/Gaudia,,,,0,,,0,0,,,FALSE,FALSE,FALSE,,0,0,"0,25",0,0
Raco/Gaudia,,,,0,,,0,0,,,FALSE,FALSE,FALSE,,0,0,"0,25",0,0
Raco/Gaudia,,,,0,,,0,0,,,FALSE,FALSE,FALSE,,0,0,"0,25",0,0
Raco/Gaudia,,,,0,,,0,0,,,FALSE,FALSE,FALSE,,0,0,"0,25",0,0
Raco/Gaudia,,,,0,,,0,0,,,FALSE,FALSE,FALSE,,0,0,"0,25",0,0
Raco/Gaudia,,,,0,,,0,0,,,FALSE,FALSE,FALSE,,0,0,"0,25",0,0
Raco/Gaudia,,,,0,,,0,0,,,FALSE,FALSE,FALSE,,0,0,"0,25",0,0
Raco/Gaudia,,,,0,,,0,0,,,FALSE,FALSE,FALSE,,0,0,"0,25",0,0
Raco/Gaudia,,,,0,,,0,0,,,FALSE,FALSE,FALSE,,0,0,"0,25",0,0
Raco/Gaudia,,,,0,,,0,0,,,FALSE,FALSE,FALSE,,0,0,"0,25",0,0
Raco/Gaudia,,,,0,,,0,0,,,FALSE,FALSE,FALSE,,0,0,"0,25",0,0
Raco/Gaudia,,,,0,,,0,0,,,FALSE,FALSE,FALSE,,0,0,"0,25",0,0
Raco/Gaudia,,,,0,,,0,0,,,FALSE,FALSE,FALSE,,0,0,"0,25",0,0
Raco/Gaudia,,,,0,,,0,0,,,FALSE,FALSE,FALSE,,0,0,"0,25",0,0
Raco/Gaudia,,,,0,,,0,0,,,FALSE,FALSE,FALSE,,0,0,"0,25",0,0
Raco/Gaudia,,,,0,,,0,0,,,FALSE,FALSE,FALSE,,0,0,"0,25",0,0
Raco/Gaudia,,,,0,,,0,0,,,FALSE,FALSE,FALSE,,0,0,"0,25",0,0
Raco/Gaudia,,,,0,,,0,0,,,FALSE,FALSE,FALSE,,0,0,"0,25",0,0
Raco/Gaudia,,,,0,,,0,0,,,FALSE,FALSE,FALSE,,0,0,"0,25",0,0
Raco/Gaudia,,,,0,,,0,0,,,FALSE,FALSE,FALSE,,0,0,"0,25",0,0
Raco/Gaudia,,,,0,,,0,0,,,FALSE,FALSE,FALSE,,0,0,"0,25",0,0
Raco/Gaudia,,,,0,,,0,0,,,FALSE,FALSE,FALSE,,0,0,"0,25",0,0
Raco/Gaudia,,,,0,,,0,0,,,FALSE,FALSE,FALSE,,0,0,"0,25",0,0
Raco/Gaudia,,,,0,,,0,0,,,FALSE,FALSE,FALSE,,0,0,"0,25",0,0
Raco/Gaudia,,,,0,,,0,0,,,FALSE,FALSE,FALSE,,0,0,"0,25",0,0
Raco/Gaudia,,,,0,,,0,0,,,FALSE,FALSE,FALSE,,0,0,"0,25",0,0
Raco/Gaudia,,,,0,,,0,0,,,FALSE,FALSE,FALSE,,0,0,"0,25",0,0
Raco/Gaudia,,,,0,,,0,0,,,FALSE,FALSE,FALSE,,0,0,"0,25",0,0
Raco/Gaudia,,,,0,,,0,0,,,FALSE,FALSE,FALSE,,0,0,"0,25",0,0
Raco/Gaudia,,,,0,,,0,0,,,FALSE,FALSE,FALSE,,0,0,"0,25",0,0
Raco/Gaudia,,,,0,,,0,0,,,FALSE,FALSE,FALSE,,0,0,"0,25",0,0
Raco/Gaudia,,,,0,,,0,0,,,FALSE,FALSE,FALSE,,0,0,"0,25",0,0
Raco/Gaudia,,,,0,,,0,0,,,FALSE,FALSE,FALSE,,0,0,"0,25",0,0
Raco/Gaudia,,,,0,,,0,0,,,FALSE,FALSE,FALSE,,0,0,"0,25",0,0
Raco/Gaudia,,,,0,,,0,0,,,FALSE,FALSE,FALSE,,0,0,"0,25",0,0
Raco/Gaudia,,,,0,,,0,0,,,FALSE,FALSE,FALSE,,0,0,"0,25",0,0
Raco/Gaudia,,,,0,,,0,0,,,FALSE,FALSE,FALSE,,0,0,"0,25",0,0
Raco/Gaudia,,,,0,,,0,0,,,FALSE,FALSE,FALSE,,0,0,"0,25",0,0
Raco/Gaudia,,,,0,,,0,0,,,FALSE,FALSE,FALSE,,0,0,"0,25",0,0
Raco/Gaudia,,,,0,,,0,0,,,FALSE,FALSE,FALSE,,0,0,"0,25",0,0
Raco/Gaudia,,,,0,,,0,0,,,FALSE,FALSE,FALSE,,0,0,"0,25",0,0
Raco/Gaudia,,,,0,,,0,0,,,FALSE,FALSE,FALSE,,0,0,"0,25",0,0
Raco/Gaudia,,,,0,,,0,0,,,FALSE,FALSE,FALSE,,0,0,"0,25",0,0
Raco/Gaudia,,,,0,,,0,0,,,FALSE,FALSE,FALSE,,0,0,"0,25",0,0
Raco/Gaudia,,,,0,,,0,0,,,FALSE,FALSE,FALSE,,0,0,"0,25",0,0
Raco/Gaudia,,,,0,,,0,0,,,FALSE,FALSE,FALSE,,0,0,"0,25",0,0
Raco/Gaudia,,,,0,,,0,0,,,FALSE,FALSE,FALSE,,0,0,"0,25",0,0
Raco/Gaudia,,,,0,,,0,0,,,FALSE,FALSE,FALSE,,0,0,"0,25",0,0
Raco/Gaudia,,,,0,,,0,0,,,FALSE,FALSE,FALSE,,0,0,"0,25",0,0
Raco/Gaudia,,,,0,,,0,0,,,FALSE,FALSE,FALSE,,0,0,"0,25",0,0
Raco/Gaudia,,,,0,,,0,0,,,FALSE,FALSE,FALSE,,0,0,"0,25",0,0
Raco/Gaudia,,,,0,,,0,0,,,FALSE,FALSE,FALSE,,0,0,"0,25",0,0
Raco/Gaudia,,,,0,,,0,0,,,FALSE,FALSE,FALSE,,0,0,"0,25",0,0
Raco/Gaudia,,,,0,,,0,0,,,FALSE,FALSE,FALSE,,0,0,"0,25",0,0
Raco/Gaudia,,,,0,,,0,0,,,FALSE,FALSE,FALSE,,0,0,"0,25",0,0
Raco/Gaudia,,,,0,,,0,0,,,FALSE,FALSE,FALSE,,0,0,"0,25",0,0
Raco/Gaudia,,,,0,,,0,0,,,FALSE,FALSE,FALSE,,0,0,"0,25",0,0
Raco/Gaudia,,,,0,,,0,0,,,FALSE,FALSE,FALSE,,0,0,"0,25",0,0
Raco/Gaudia,,,,0,,,0,0,,,FALSE,FALSE,FALSE,,0,0,"0,25",0,0
Raco/Gaudia,,,,0,,,0,0,,,FALSE,FALSE,FALSE,,0,0,"0,25",0,0
Raco/Gaudia,,,,0,,,0,0,,,FALSE,FALSE,FALSE,,0,0,"0,25",0,0
Raco/Gaudia,,,,0,,,0,0,,,FALSE,FALSE,FALSE,,0,0,"0,25",0,0
Raco/Gaudia,,,,0,,,0,0,,,FALSE,FALSE,FALSE,,0,0,"0,25",0,0
Raco/Gaudia,,,,0,,,0,0,,,FALSE,FALSE,FALSE,,0,0,"0,25",0,0
Raco/Gaudia,,,,0,,,0,0,,,FALSE,FALSE,FALSE,,0,0,"0,25",0,0
Raco/Gaudia,,,,0,,,0,0,,,FALSE,FALSE,FALSE,,0,0,"0,25",0,0
Raco/Gaudia,,,,0,,,0,0,,,FALSE,FALSE,FALSE,,0,0,"0,25",0,0
Raco/Gaudia,,,,0,,,0,0,,,FALSE,FALSE,FALSE,,0,0,"0,25",0,0
Raco/Gaudia,,,,0,,,0,0,,,FALSE,FALSE,FALSE,,0,0,"0,25",0,0
Raco/Gaudia,,,,0,,,0,0,,,FALSE,FALSE,FALSE,,0,0,"0,25",0,0
Raco/Gaudia,,,,0,,,0,0,,,FALSE,FALSE,FALSE,,0,0,"0,25",0,0
Raco/Gaudia,,,,0,,,0,0,,,FALSE,FALSE,FALSE,,0,0,"0,25",0,0
Raco/Gaudia,,,,0,,,0,0,,,FALSE,FALSE,FALSE,,0,0,"0,25",0,0
Raco/Gaudia,,,,0,,,0,0,,,FALSE,FALSE,FALSE,,0,0,"0,25",0,0
Raco/Gaudia,,,,0,,,0,0,,,FALSE,FALSE,FALSE,,0,0,"0,25",0,0
Raco/Gaudia,,,,0,,,0,0,,,FALSE,FALSE,FALSE,,0,0,"0,25",0,0
Raco/Gaudia,,,,0,,,0,0,,,FALSE,FALSE,FALSE,,0,0,"0,25",0,0
Raco/Gaudia,,,,0,,,0,0,,,FALSE,FALSE,FALSE,,0,0,"0,25",0,0
Raco/Gaudia,,,,0,,,0,0,,,FALSE,FALSE,FALSE,,0,0,"0,25",0,0
Raco/Gaudia,,,,0,,,0,0,,,FALSE,FALSE,FALSE,,0,0,"0,25",0,0
Raco/Gaudia,,,,0,,,0,0,,,FALSE,FALSE,FALSE,,0,0,"0,25",0,0
Raco/Gaudia,,,,0,,,0,0,,,FALSE,FALSE,FALSE,,0,0,"0,25",0,0
Raco/Gaudia,,,,0,,,0,0,,,FALSE,FALSE,FALSE,,0,0,"0,25",0,0
Raco/Gaudia,,,,0,,,0,0,,,FALSE,FALSE,FALSE,,0,0,"0,25",0,0
Raco/Gaudia,,,,0,,,0,0,,,FALSE,FALSE,FALSE,,0,0,"0,25",0,0
Raco/Gaudia,,,,0,,,0,0,,,FALSE,FALSE,FALSE,,0,0,"0,25",0,0
Raco/Gaudia,,,,0,,,0,0,,,FALSE,FALSE,FALSE,,0,0,"0,25",0,0
Raco/Gaudia,,,,0,,,0,0,,,FALSE,FALSE,FALSE,,0,0,"0,25",0,0
Raco/Gaudia,,,,0,,,0,0,,,FALSE,FALSE,FALSE,,0,0,"0,25",0,0
Raco/Gaudia,,,,0,,,0,0,,,FALSE,FALSE,FALSE,,0,0,"0,25",0,0
Raco/Gaudia,,,,0,,,0,0,,,FALSE,FALSE,FALSE,,0,0,"0,25",0,0
Raco/Gaudia,,,,0,,,0,0,,,FALSE,FALSE,FALSE,,0,0,"0,25",0,0
Raco/Gaudia,,,,0,,,0,0,,,FALSE,FALSE,FALSE,,0,0,"0,25",0,0
Raco/Gaudia,,,,0,,,0,0,,,FALSE,FALSE,FALSE,,0,0,"0,25",0,0
Raco/Gaudia,,,,0,,,0,0,,,FALSE,FALSE,FALSE,,0,0,"0,25",0,0
Raco/Gaudia,,,,0,,,0,0,,,FALSE,FALSE,FALSE,,0,0,"0,25",0,0
Raco/Gaudia,,,,0,,,0,0,,,FALSE,FALSE,FALSE,,0,0,"0,25",0,0
Raco/Gaudia,,,,0,,,0,0,,,FALSE,FALSE,FALSE,,0,0,"0,25",0,0
Raco/Gaudia,,,,0,,,0,0,,,FALSE,FALSE,FALSE,,0,0,"0,25",0,0
Raco/Gaudia,,,,0,,,0,0,,,FALSE,FALSE,FALSE,,0,0,"0,25",0,0
Raco/Gaudia,,,,0,,,0,0,,,FALSE,FALSE,FALSE,,0,0,"0,25",0,0
Raco/Gaudia,,,,0,,,0,0,,,FALSE,FALSE,FALSE,,0,0,"0,25",0,0
Raco/Gaudia,,,,0,,,0,0,,,FALSE,FALSE,FALSE,,0,0,"0,25",0,0
Raco/Gaudia,,,,0,,,0,0,,,FALSE,FALSE,FALSE,,0,0,"0,25",0,0
Raco/Gaudia,,,,0,,,0,0,,,FALSE,FALSE,FALSE,,0,0,"0,25",0,0
Raco/Gaudia,,,,,,,,,,,,,FALSE,,,,,,0
Raco/Gaudia,,,,,,,,,,,,,FALSE,,,,,,0
Raco/Gaudia,,,,,,,,,,,,,FALSE,,,,,,0
Raco/Gaudia,"El client respon de la custòdia, assegurança i de qualsevol pèrdua, robatori, dany o eventualitat dels lingots.",,,,,,,,,,,,FALSE,,,,,,0
Raco/Gaudia,,,,,,,,,,,,,FALSE,,,,,,0
Raco/Gaudia,,,,,,,,,,,,,FALSE,,,,,,0
Raco/Gaudia,,,,,,,,,,,,,FALSE,,,,,,0
Raco/Gaudia,firmat client:,,,,,,,,,,,,FALSE,,,,,,0
Raco/Gaudia,,,,,,,,,,,,,FALSE,,,,,,0
Raco/Gaudia,,,,,,,,,,,,,FALSE,,,,,,0
Raco/Gaudia,,,,,,,,,,,,,FALSE,,,,,,0
Raco/Gaudia,,,,,,,,,,,,,FALSE,,,,,,0
Raco/Gaudia,,,,,,,,,,,,,FALSE,,,,,,0
Raco/Gaudia,,,,,,,,,,,,,FALSE,,,,,,0
Raco/Gaudia,,,,,,,,,,,,,FALSE,,,,,,0
Raco/Gaudia,,,,,,,,,,,,,FALSE,,,,,,0
Raco/Gaudia,,,,,,,,,,,,,FALSE,,,,,,0
Raco/Gaudia,,,,,,,,,,,,,FALSE,,,,,,0
Raco/Gaudia,,,,,,,,,,,,,FALSE,,,,,,0
Raco/Gaudia,,,,,,,,,,,,,FALSE,,,,,,0
Raco/Gaudia,,,,,,,,,,,,,FALSE,,,,,,0
Raco/Gaudia,,,,,,,,,,,,,FALSE,,,,,,0
Raco/Gaudia,,,,,,,,,,,,,FALSE,,,,,,0
Raco/Gaudia,,,,,,,,,,,,,FALSE,,,,,,0
Raco/Gaudia,,,,,,,,,,,,,FALSE,,,,,,0
Raco/Gaudia,,,,,,,,,,,,,FALSE,,,,,,0
Raco/Gaudia,,,,,,,,,,,,,FALSE,,,,,,0
Raco/Gaudia,,,,,,,,,,,,,FALSE,,,,,,0
Raco/Gaudia,,,,,,,,,,,,,FALSE,,,,,,0
Raco/Gaudia,,,,,,,,,,,,,FALSE,,,,,,0
Raco/Gaudia,,,,,,,,,,,,,FALSE,,,,,,0
Raco/Gaudia,,,,,,,,,,,,,FALSE,,,,,,0
Raco/Gaudia,,,,,,,,,,,,,FALSE,,,,,,0
Raco/Gaudia,,,,,,,,,,,,,FALSE,,,,,,0
Raco/Gaudia,,,,,,,,,,,,,FALSE,,,,,,0
Raco/Gaudia,,,,,,,,,,,,,FALSE,,,,,,0
Raco/Gaudia,,,,,,,,,,,,,FALSE,,,,,,0
Raco/Gaudia,,,,,,,,,,,,,FALSE,,,,,,0
Raco/Gaudia,,,,,,,,,,,,,FALSE,,,,,,0
Raco/Gaudia,,,,,,,,,,,,,FALSE,,,,,,0
Raco/Gaudia,,,,,,,,,,,,,FALSE,,,,,,0
Raco/Gaudia,,,,,,,,,,,,,FALSE,,,,,,0
Raco/Gaudia,,,,,,,,,,,,,FALSE,,,,,,0
Raco/Gaudia,,,,,,,,,,,,,FALSE,,,,,,0
Raco/Gaudia,,,,,,,,,,,,,FALSE,,,,,,0
Raco/Gaudia,,,,,,,,,,,,,FALSE,,,,,,0
Raco/Gaudia,,,,,,,,,,,,,FALSE,,,,,,0
Raco/Gaudia,,,,,,,,,,,,,FALSE,,,,,,0
Raco/Gaudia,,,,,,,,,,,,,FALSE,,,,,,0
Raco/Gaudia,,,,,,,,,,,,,FALSE,,,,,,0
Raco/Gaudia,,,,,,,,,,,,,FALSE,,,,,,0
Raco/Gaudia,,,,,,,,,,,,,FALSE,,,,,,0
Raco/Gaudia,,,,,,,,,,,,,FALSE,,,,,,0
Raco/Gaudia,,,,,,,,,,,,,FALSE,,,,,,0
Raco/Gaudia,,,,,,,,,,,,,FALSE,,,,,,0
Raco/Gaudia,,,,,,,,,,,,,FALSE,,,,,,0
Raco/Gaudia,,,,,,,,,,,,,FALSE,,,,,,0
Raco/Gaudia,,,,,,,,,,,,,FALSE,,,,,,0
Raco/Gaudia,,,,,,,,,,,,,FALSE,,,,,,0
Raco/Gaudia,,,,,,,,,,,,,FALSE,,,,,,0
Raco/Gaudia,,,,,,,,,,,,,FALSE,,,,,,0
Raco/Gaudia,,,,,,,,,,,,,FALSE,,,,,,0
Raco/Gaudia,,,,,,,,,,,,,FALSE,,,,,,0
Raco/Gaudia,,,,,,,,,,,,,FALSE,,,,,,0
Raco/Gaudia,,,,,,,,,,,,,FALSE,,,,,,0
Raco/Gaudia,,,,,,,,,,,,,FALSE,,,,,,0
Suissa,17/jun/24,50,"74,39","3719,5",2024-65.pdf,17/06/2024,50,0,22-4,Finalizado,TRUE,FALSE,TRUE,"2166,3","69,65","73,83","69,9",3495,"224,5"
Suissa,17/jun/24,50,"74,39","3719,5",2024-65.pdf,17/06/2024,50,0,22-4,Finalizado,TRUE,FALSE,TRUE,"2166,3","69,65","73,83","69,9",3495,"224,5"
Suissa,17/jun/24,50,"74,39","3719,5",2024-65.pdf,17/06/2024,50,0,22-4,Finalizado,TRUE,FALSE,TRUE,"2166,3","69,65","73,83","69,9",3495,"224,5"
Suissa,17/jun/24,50,"74,39","3719,5",2024-65.pdf,17/06/2024,50,0,22-4,Finalizado,TRUE,FALSE,TRUE,"2166,3","69,65","73,83","69,9",3495,"224,5"
Suissa,,,,0,,,0,0,,,FALSE,FALSE,FALSE,,0,0,"0,25",0,0
Suissa,,,,0,,,0,0,,,FALSE,FALSE,FALSE,,0,0,"0,25",0,0
Suissa,,,,0,,,0,0,,,FALSE,FALSE,FALSE,,0,0,"0,25",0,0
Suissa,,,,0,,,0,0,,,FALSE,FALSE,FALSE,,0,0,"0,25",0,0
Suissa,,,,0,,,0,0,,,FALSE,FALSE,FALSE,,0,0,"0,25",0,0
Suissa,,,,0,,,0,0,,,FALSE,FALSE,FALSE,,0,0,"0,25",0,0
Suissa,,,,0,,,0,0,,,FALSE,FALSE,FALSE,,0,0,"0,25",0,0
Suissa,,,,0,,,0,0,,,FALSE,FALSE,FALSE,,0,0,"0,25",0,0
Suissa,,,,0,,,0,0,,,FALSE,FALSE,FALSE,,0,0,"0,25",0,0
Suissa,,,,0,,,0,0,,,FALSE,FALSE,FALSE,,0,0,"0,25",0,0
Suissa,,,,0,,,0,0,,,FALSE,FALSE,FALSE,,0,0,"0,25",0,0
Suissa,,,,0,,,0,0,,,FALSE,FALSE,FALSE,,0,0,"0,25",0,0
Suissa,,,,0,,,0,0,,,FALSE,FALSE,FALSE,,0,0,"0,25",0,0
Suissa,,,,0,,,0,0,,,FALSE,FALSE,FALSE,,0,0,"0,25",0,0
Suissa,,,,0,,,0,0,,,FALSE,FALSE,FALSE,,0,0,"0,25",0,0
Suissa,,,,0,,,0,0,,,FALSE,FALSE,FALSE,,0,0,"0,25",0,0
Suissa,,,,0,,,0,0,,,FALSE,FALSE,FALSE,,0,0,"0,25",0,0
Suissa,,,,0,,,0,0,,,FALSE,FALSE,FALSE,,0,0,"0,25",0,0
Suissa,,,,0,,,0,0,,,FALSE,FALSE,FALSE,,0,0,"0,25",0,0
Suissa,,,,0,,,0,0,,,FALSE,FALSE,FALSE,,0,0,"0,25",0,0
Suissa,,,,0,,,0,0,,,FALSE,FALSE,FALSE,,0,0,"0,25",0,0
Suissa,,,,0,,,0,0,,,FALSE,FALSE,FALSE,,0,0,"0,25",0,0
Suissa,,,,0,,,0,0,,,FALSE,FALSE,FALSE,,0,0,"0,25",0,0
Suissa,,,,0,,,0,0,,,FALSE,FALSE,FALSE,,0,0,"0,25",0,0
Suissa,,,,0,,,0,0,,,FALSE,FALSE,FALSE,,0,0,"0,25",0,0
Suissa,,,,0,,,0,0,,,FALSE,FALSE,FALSE,,0,0,"0,25",0,0
Suissa,,,,0,,,0,0,,,FALSE,FALSE,FALSE,,0,0,"0,25",0,0
Suissa,,,,0,,,0,0,,,FALSE,FALSE,FALSE,,0,0,"0,25",0,0
Suissa,,,,0,,,0,0,,,FALSE,FALSE,FALSE,,0,0,"0,25",0,0
Suissa,,,,0,,,0,0,,,FALSE,FALSE,FALSE,,0,0,"0,25",0,0
Suissa,,,,0,,,0,0,,,FALSE,FALSE,FALSE,,0,0,"0,25",0,0
Suissa,,,,0,,,0,0,,,FALSE,FALSE,FALSE,,0,0,"0,25",0,0
Suissa,,,,0,,,0,0,,,FALSE,FALSE,FALSE,,0,0,"0,25",0,0
Suissa,,,,0,,,0,0,,,FALSE,FALSE,FALSE,,0,0,"0,25",0,0
Suissa,,,,0,,,0,0,,,FALSE,FALSE,FALSE,,0,0,"0,25",0,0
Suissa,,,,0,,,0,0,,,FALSE,FALSE,FALSE,,0,0,"0,25",0,0
Suissa,,,,0,,,0,0,,,FALSE,FALSE,FALSE,,0,0,"0,25",0,0
Suissa,,,,0,,,0,0,,,FALSE,FALSE,FALSE,,0,0,"0,25",0,0
Suissa,,,,0,,,0,0,,,FALSE,FALSE,FALSE,,0,0,"0,25",0,0
Suissa,,,,0,,,0,0,,,FALSE,FALSE,FALSE,,0,0,"0,25",0,0
Suissa,,,,0,,,0,0,,,FALSE,FALSE,FALSE,,0,0,"0,25",0,0
Suissa,,,,0,,,0,0,,,FALSE,FALSE,FALSE,,0,0,"0,25",0,0
Suissa,,,,0,,,0,0,,,FALSE,FALSE,FALSE,,0,0,"0,25",0,0
Suissa,,,,0,,,0,0,,,FALSE,FALSE,FALSE,,0,0,"0,25",0,0
Suissa,,,,0,,,0,0,,,FALSE,FALSE,FALSE,,0,0,"0,25",0,0
Suissa,,,,0,,,0,0,,,FALSE,FALSE,FALSE,,0,0,"0,25",0,0
Suissa,,,,0,,,0,0,,,FALSE,FALSE,FALSE,,0,0,"0,25",0,0
Suissa,,,,0,,,0,0,,,FALSE,FALSE,FALSE,,0,0,"0,25",0,0
Suissa,,,,0,,,0,0,,,FALSE,FALSE,FALSE,,0,0,"0,25",0,0
Suissa,,,,0,,,0,0,,,FALSE,FALSE,FALSE,,0,0,"0,25",0,0
Suissa,,,,0,,,0,0,,,FALSE,FALSE,FALSE,,0,0,"0,25",0,0
Suissa,,,,0,,,0,0,,,FALSE,FALSE,FALSE,,0,0,"0,25",0,0
Suissa,,,,0,,,0,0,,,FALSE,FALSE,FALSE,,0,0,"0,25",0,0
Suissa,,,,0,,,0,0,,,FALSE,FALSE,FALSE,,0,0,"0,25",0,0
Suissa,,,,0,,,0,0,,,FALSE,FALSE,FALSE,,0,0,"0,25",0,0
Suissa,,,,0,,,0,0,,,FALSE,FALSE,FALSE,,0,0,"0,25",0,0
Suissa,,,,0,,,0,0,,,FALSE,FALSE,FALSE,,0,0,"0,25",0,0
Suissa,,,,0,,,0,0,,,FALSE,FALSE,FALSE,,0,0,"0,25",0,0
Suissa,,,,0,,,0,0,,,FALSE,FALSE,FALSE,,0,0,"0,25",0,0
Suissa,,,,0,,,0,0,,,FALSE,FALSE,FALSE,,0,0,"0,25",0,0
Suissa,,,,0,,,0,0,,,FALSE,FALSE,FALSE,,0,0,"0,25",0,0
Suissa,,,,0,,,0,0,,,FALSE,FALSE,FALSE,,0,0,"0,25",0,0
Suissa,,,,0,,,0,0,,,FALSE,FALSE,FALSE,,0,0,"0,25",0,0
Suissa,,,,0,,,0,0,,,FALSE,FALSE,FALSE,,0,0,"0,25",0,0
Suissa,,,,0,,,0,0,,,FALSE,FALSE,FALSE,,0,0,"0,25",0,0
Suissa,,,,0,,,0,0,,,FALSE,FALSE,FALSE,,0,0,"0,25",0,0
Suissa,,,,0,,,0,0,,,FALSE,FALSE,FALSE,,0,0,"0,25",0,0
Suissa,,,,0,,,0,0,,,FALSE,FALSE,FALSE,,0,0,"0,25",0,0
Suissa,,,,0,,,0,0,,,FALSE,FALSE,FALSE,,0,0,"0,25",0,0
Suissa,,,,0,,,0,0,,,FALSE,FALSE,FALSE,,0,0,"0,25",0,0
Suissa,,,,0,,,0,0,,,FALSE,FALSE,FALSE,,0,0,"0,25",0,0
Suissa,,,,0,,,0,0,,,FALSE,FALSE,FALSE,,0,0,"0,25",0,0
Suissa,,,,0,,,0,0,,,FALSE,FALSE,FALSE,,0,0,"0,25",0,0
Suissa,,,,0,,,0,0,,,FALSE,FALSE,FALSE,,0,0,"0,25",0,0
Suissa,,,,0,,,0,0,,,FALSE,FALSE,FALSE,,0,0,"0,25",0,0
Suissa,,,,0,,,0,0,,,FALSE,FALSE,FALSE,,0,0,"0,25",0,0
Suissa,,,,0,,,0,0,,,FALSE,FALSE,FALSE,,0,0,"0,25",0,0
Suissa,,,,0,,,0,0,,,FALSE,FALSE,FALSE,,0,0,"0,25",0,0
Suissa,,,,0,,,0,0,,,FALSE,FALSE,FALSE,,0,0,"0,25",0,0
Suissa,,,,0,,,0,0,,,FALSE,FALSE,FALSE,,0,0,"0,25",0,0
Suissa,,,,,,,,,,,,,FALSE,,,,,,0
Suissa,,,,,,,,,,,,,FALSE,,,,,,0
Suissa,,,,,,,,,,,,,FALSE,,,,,,0
Suissa,,,,,,,,,,,,,FALSE,,,,,,0
Suissa,,,,,,,,,,,,,FALSE,,,,,,0
Suissa,,,,,,,,,,,,,FALSE,,,,,,0
Suissa,,,,,,,,,,,,,FALSE,,,,,,0
Suissa,,,,,,,,,,,,,FALSE,,,,,,0
Suissa,,,,,,,,,,,,,FALSE,,,,,,0
Suissa,,,,,,,,,,,,,FALSE,,,,,,0
Suissa,,,,,,,,,,,,,FALSE,,,,,,0
Suissa,,,,,,,,,,,,,FALSE,,,,,,0
Suissa,,,,,,,,,,,,,FALSE,,,,,,0
Suissa,,,,,,,,,,,,,FALSE,,,,,,0
Suissa,,,,,,,,,,,,,FALSE,,,,,,0
Suissa,,,,,,,,,,,,,FALSE,,,,,,0
Suissa,,,,,,,,,,,,,FALSE,,,,,,0
Suissa,,,,,,,,,,,,,FALSE,,,,,,0
Suissa,,,,,,,,,,,,,FALSE,,,,,,0
Suissa,,,,,,,,,,,,,FALSE,,,,,,0
Suissa,,,,,,,,,,,,,FALSE,,,,,,0
Suissa,,,,,,,,,,,,,FALSE,,,,,,0
Suissa,,,,,,,,,,,,,FALSE,,,,,,0
Suissa,,,,,,,,,,,,,FALSE,,,,,,0
Suissa,,,,,,,,,,,,,FALSE,,,,,,0
Suissa,,,,,,,,,,,,,FALSE,,,,,,0
Suissa,,,,,,,,,,,,,FALSE,,,,,,0
Suissa,,,,,,,,,,,,,FALSE,,,,,,0
Suissa,,,,,,,,,,,,,FALSE,,,,,,0
Suissa,,,,,,,,,,,,,FALSE,,,,,,0
Suissa,,,,,,,,,,,,,FALSE,,,,,,0
Suissa,,,,,,,,,,,,,FALSE,,,,,,0
Suissa,,,,,,,,,,,,,FALSE,,,,,,0
Suissa,,,,,,,,,,,,,FALSE,,,,,,0
Suissa,,,,,,,,,,,,,FALSE,,,,,,0
Suissa,,,,,,,,,,,,,FALSE,,,,,,0
Suissa,,,,,,,,,,,,,FALSE,,,,,,0
Suissa,,,,,,,,,,,,,FALSE,,,,,,0
Suissa,,,,,,,,,,,,,FALSE,,,,,,0
Suissa,,,,,,,,,,,,,FALSE,,,,,,0
Suissa,,,,,,,,,,,,,FALSE,,,,,,0
Suissa,,,,,,,,,,,,,FALSE,,,,,,0
Suissa,,,,,,,,,,,,,FALSE,,,,,,0
Suissa,,,,,,,,,,,,,FALSE,,,,,,0
Suissa,,,,,,,,,,,,,FALSE,,,,,,0
Suissa,,,,,,,,,,,,,FALSE,,,,,,0
Suissa,,,,,,,,,,,,,FALSE,,,,,,0
Suissa,,,,,,,,,,,,,FALSE,,,,,,0
Suissa,,,,,,,,,,,,,FALSE,,,,,,0
Suissa,,,,,,,,,,,,,FALSE,,,,,,0
Suissa,,,,,,,,,,,,,FALSE,,,,,,0
Suissa,,,,,,,,,,,,,FALSE,,,,,,0
Suissa,,,,,,,,,,,,,FALSE,,,,,,0
Suissa,,,,,,,,,,,,,FALSE,,,,,,0
Suissa,,,,,,,,,,,,,FALSE,,,,,,0
Suissa,,,,,,,,,,,,,FALSE,,,,,,0
Suissa,,,,,,,,,,,,,FALSE,,,,,,0
Suissa,,,,,,,,,,,,,FALSE,,,,,,0
Suissa,,,,,,,,,,,,,FALSE,,,,,,0
Suissa,,,,,,,,,,,,,FALSE,,,,,,0
Suissa,,,,,,,,,,,,,FALSE,,,,,,0
Suissa,,,,,,,,,,,,,FALSE,,,,,,0
Suissa,,,,,,,,,,,,,FALSE,,,,,,0
Suissa,,,,,,,,,,,,,FALSE,,,,,,0
Suissa,,,,,,,,,,,,,FALSE,,,,,,0
Suissa,,,,,,,,,,,,,FALSE,,,,,,0
Gemma,10/ene/24,50,"63,37","3168,5",2024-06.pdf,10/01/2024,50,0,11-12,Finalizado,TRUE,FALSE,TRUE,"1859,33","59,78","63,37","60,03","3001,5",167
Gemma,23/apr/24,50,"73,56",3678,2024-45.pdf,23/04/2024,50,0,11-12,Finalizado,TRUE,FALSE,TRUE,"2158,04","69,39","73,56","69,64",3482,196
Gemma,23/apr/24,50,"73,56",3678,2024-45.pdf,23/04/2024,50,0,11-12,Finalizado,TRUE,FALSE,TRUE,"2158,04","69,39","73,56","69,64",3482,196
Gemma,3/oct/24,50,"82,99","4149,5",2024-106.pdf,14/10/2024,50,0,26-9,Finalizado,TRUE,FALSE,TRUE,"2434,86","78,29","82,99","78,54",3927,"222,5"
Gemma,3/oct/24,50,85,4250,2024-123.pdf,2/12/2024,50,0,26-9,Finalizado,TRUE,FALSE,TRUE,"2493,62","80,18",85,"80,43","4021,5","228,5"
Gemma,14/oct/24,50,85,4250,2024-123.pdf,2/12/2024,50,0,26-9,Finalizado,TRUE,FALSE,TRUE,"2493,62","80,18",85,"80,43","4021,5","228,5"
Gemma,14/oct/24,50,"85,95","4297,5",2024-132.pdf,18/12/2024,50,0,26-9,Finalizado,TRUE,FALSE,TRUE,"2521,6","81,08","85,95","81,33","4066,5",231
Gemma,29/nov/24,50,"91,64",4582,2025-26.pdf,6/03/2025,50,0,26-9,Finalizado,TRUE,FALSE,TRUE,"2688,88","86,45","91,64","86,7",4335,247
Gemma,29/nov/24,50,"91,64",4582,2025-26.pdf,6/03/2025,50,0,26-9,Finalizado,TRUE,FALSE,TRUE,"2688,88","86,45","91,64","86,7",4335,247
Gemma,12/mar/25,50,,0,,,0,50,26-9,Finalizado,FALSE,TRUE,FALSE,,0,0,"0,25","12,5","-12,5"
Gemma,12/mar/25,50,,0,,,0,50,26-9,Finalizado,FALSE,TRUE,FALSE,,0,0,"0,25","12,5","-12,5"
Gemma,12/mar/25,50,"102,74",5137,2025-49.pdf,22/04/2025,50,0,26-9,Finalizado,TRUE,FALSE,TRUE,"3014,38","96,92","102,74","97,17","4858,5","278,5"
Gemma,07/may/25,50,"99,71","4985,5",2025-82.pdf,23/06/2025,50,0,7-5,Finalizado,TRUE,FALSE,TRUE,"2924,06","94,06","99,71","94,31","4715,5",270
Gemma,07/may/25,50,"97,55","4877,5",2025-113.pdf,18/08/2025,50,0,7-5,Finalizado,TRUE,FALSE,TRUE,"2861,79","92,02","97,55","92,27","4613,5",264
Gemma,16/sep/25,50,"107,46",5373,2025-140.pdf,22/09/2025,50,0,16-9,Finalizado,TRUE,FALSE,TRUE,"3152,92","101,37","107,46","101,62",5081,292
Gemma,16/sep/25,50,"107,46",5373,2025-140.pdf,22/09/2025,50,0,16-9,Finalizado,TRUE,FALSE,TRUE,"3152,92","101,37","107,46","101,62",5081,292
Gemma,23/sep/25,50,,0,,,0,50,16-9,Finalizado,FALSE,TRUE,FALSE,"3462,95","111,32","116,89","111,57","5578,5","-5578,5"
Gemma,23/sep/25,50,,0,,,0,50,16-9,Finalizado,FALSE,TRUE,FALSE,,0,0,"0,25","12,5","-12,5"
Gemma,23/sep/25,50,"117,4",5870,2025-156.pdf,10/10/2025,50,0,16-9,Finalizado,TRUE,FALSE,TRUE,"3444,41","110,75","117,4",111,5550,320
Gemma,05/nov/25,50,"123,01","6150,5",2025-215.pdf,9/12/2025,50,0,5-11,Finalizado,TRUE,FALSE,TRUE,"3609,24","116,04","123,01","116,29","5814,5",336
Gemma,05/nov/25,50,"137,22",6861,2026-19.pdf,20/01/2026,50,0,5-11,Finalizado,TRUE,FALSE,TRUE,"4026,06","129,45","137,22","129,7",6485,376
Gemma,05/nov/25,50,"140,59","7029,5",2026-20.pdf,22/01/2026,50,0,5-11,Finalizado,TRUE,FALSE,TRUE,"4125,2","132,63","140,59","132,88",6644,"385,5"
Gemma,,,,0,,,0,0,,,FALSE,FALSE,FALSE,,0,0,"0,25",0,0
Gemma,,,,0,,,0,0,,,FALSE,FALSE,FALSE,,0,0,"0,25",0,0
Gemma,,,,0,,,0,0,,,FALSE,FALSE,FALSE,,0,0,"0,25",0,0
Gemma,,,,0,,,0,0,,,FALSE,FALSE,FALSE,,0,0,"0,25",0,0
Gemma,,,,0,,,0,0,,,FALSE,FALSE,FALSE,,0,0,"0,25",0,0
Gemma,,,,0,,,0,0,,,FALSE,FALSE,FALSE,,0,0,"0,25",0,0
Gemma,,,,0,,,0,0,,,FALSE,FALSE,FALSE,,0,0,"0,25",0,0
Gemma,,,,0,,,0,0,,,FALSE,FALSE,FALSE,,0,0,"0,25",0,0
Gemma,,,,0,,,0,0,,,FALSE,FALSE,FALSE,,0,0,"0,25",0,0
Gemma,,,,0,,,0,0,,,FALSE,FALSE,FALSE,,0,0,"0,25",0,0
Gemma,,,,0,,,0,0,,,FALSE,FALSE,FALSE,,0,0,"0,25",0,0
Gemma,,,,0,,,0,0,,,FALSE,FALSE,FALSE,,0,0,"0,25",0,0
Gemma,,,,0,,,0,0,,,FALSE,FALSE,FALSE,,0,0,"0,25",0,0
Gemma,,,,0,,,0,0,,,FALSE,FALSE,FALSE,,0,0,"0,25",0,0
Gemma,,,,0,,,0,0,,,FALSE,FALSE,FALSE,,0,0,"0,25",0,0
Gemma,,,,0,,,0,0,,,FALSE,FALSE,FALSE,,0,0,"0,25",0,0
Gemma,,,,0,,,0,0,,,FALSE,FALSE,FALSE,,0,0,"0,25",0,0
Gemma,,,,0,,,0,0,,,FALSE,FALSE,FALSE,,0,0,"0,25",0,0
Gemma,,,,0,,,0,0,,,FALSE,FALSE,FALSE,,0,0,"0,25",0,0
Gemma,,,,0,,,0,0,,,FALSE,FALSE,FALSE,,0,0,"0,25",0,0
Gemma,,,,0,,,0,0,,,FALSE,FALSE,FALSE,,0,0,"0,25",0,0
Gemma,,,,0,,,0,0,,,FALSE,FALSE,FALSE,,0,0,"0,25",0,0
Gemma,,,,0,,,0,0,,,FALSE,FALSE,FALSE,,0,0,"0,25",0,0
Gemma,,,,0,,,0,0,,,FALSE,FALSE,FALSE,,0,0,"0,25",0,0
Gemma,,,,0,,,0,0,,,FALSE,FALSE,FALSE,,0,0,"0,25",0,0
Gemma,,,,0,,,0,0,,,FALSE,FALSE,FALSE,,0,0,"0,25",0,0
Gemma,,,,0,,,0,0,,,FALSE,FALSE,FALSE,,0,0,"0,25",0,0
Gemma,,,,0,,,0,0,,,FALSE,FALSE,FALSE,,0,0,"0,25",0,0
Gemma,,,,0,,,0,0,,,FALSE,FALSE,FALSE,,0,0,"0,25",0,0
Gemma,,,,0,,,0,0,,,FALSE,FALSE,FALSE,,0,0,"0,25",0,0
Gemma,,,,0,,,0,0,,,FALSE,FALSE,FALSE,,0,0,"0,25",0,0
Gemma,,,,0,,,0,0,,,FALSE,FALSE,FALSE,,0,0,"0,25",0,0
Gemma,,,,0,,,0,0,,,FALSE,FALSE,FALSE,,0,0,"0,25",0,0
Gemma,,,,0,,,0,0,,,FALSE,FALSE,FALSE,,0,0,"0,25",0,0
Gemma,,,,0,,,0,0,,,FALSE,FALSE,FALSE,,0,0,"0,25",0,0
Gemma,,,,0,,,0,0,,,FALSE,FALSE,FALSE,,0,0,"0,25",0,0
Gemma,,,,0,,,0,0,,,FALSE,FALSE,FALSE,,0,0,"0,25",0,0
Gemma,,,,0,,,0,0,,,FALSE,FALSE,FALSE,,0,0,"0,25",0,0
Gemma,,,,0,,,0,0,,,FALSE,FALSE,FALSE,,0,0,"0,25",0,0
Gemma,,,,0,,,0,0,,,FALSE,FALSE,FALSE,,0,0,"0,25",0,0
Gemma,,,,0,,,0,0,,,FALSE,FALSE,FALSE,,0,0,"0,25",0,0
Gemma,,,,0,,,0,0,,,FALSE,FALSE,FALSE,,0,0,"0,25",0,0
Gemma,,,,0,,,0,0,,,FALSE,FALSE,FALSE,,0,0,"0,25",0,0
Gemma,,,,0,,,0,0,,,FALSE,FALSE,FALSE,,0,0,"0,25",0,0
Gemma,,,,0,,,0,0,,,FALSE,FALSE,FALSE,,0,0,"0,25",0,0
Gemma,,,,0,,,0,0,,,FALSE,FALSE,FALSE,,0,0,"0,25",0,0
Gemma,,,,0,,,0,0,,,FALSE,FALSE,FALSE,,0,0,"0,25",0,0
Gemma,,,,0,,,0,0,,,FALSE,FALSE,FALSE,,0,0,"0,25",0,0
Gemma,,,,0,,,0,0,,,FALSE,FALSE,FALSE,,0,0,"0,25",0,0
Gemma,,,,0,,,0,0,,,FALSE,FALSE,FALSE,,0,0,"0,25",0,0
Gemma,,,,0,,,0,0,,,FALSE,FALSE,FALSE,,0,0,"0,25",0,0
Gemma,,,,0,,,0,0,,,FALSE,FALSE,FALSE,,0,0,"0,25",0,0
Gemma,,,,0,,,0,0,,,FALSE,FALSE,FALSE,,0,0,"0,25",0,0
Gemma,,,,0,,,0,0,,,FALSE,FALSE,FALSE,,0,0,"0,25",0,0
Gemma,,,,0,,,0,0,,,FALSE,FALSE,FALSE,,0,0,"0,25",0,0
Gemma,,,,0,,,0,0,,,FALSE,FALSE,FALSE,,0,0,"0,25",0,0
Gemma,,,,0,,,0,0,,,FALSE,FALSE,FALSE,,0,0,"0,25",0,0
Gemma,,,,0,,,0,0,,,FALSE,FALSE,FALSE,,0,0,"0,25",0,0
Gemma,,,,0,,,0,0,,,FALSE,FALSE,FALSE,,0,0,"0,25",0,0
Gemma,,,,0,,,0,0,,,FALSE,FALSE,FALSE,,0,0,"0,25",0,0
Gemma,,,,0,,,0,0,,,FALSE,FALSE,FALSE,,0,0,"0,25",0,0
Gemma,,,,,,,,,,,,,FALSE,,,,,,0
Gemma,,,,,,,,,,,,,FALSE,,,,,,0
Gemma,,,,,,,,,,,,,FALSE,,,,,,0
Gemma,,,,,,,,,,,,,FALSE,,,,,,0
Gemma,"El client respon de la custòdia, assegurança i de qualsevol pèrdua, robatori, dany o eventualitat dels lingots.",,,,,,,,,,,,FALSE,,,,,,0
Gemma,,,,,,,,,,,,,FALSE,,,,,,0
Gemma,,,,,,,,,,,,,FALSE,,,,,,0
Gemma,,,,,,,,,,,,,FALSE,,,,,,0
Gemma,firmat client:,,,,,,,,,,,,FALSE,,,,,,0
Gemma,,,,,,,,,,,,,FALSE,,,,,,0
Gemma,,,,,,,,,,,,,FALSE,,,,,,0
Gemma,,,,,,,,,,,,,FALSE,,,,,,0
Gemma,,,,,,,,,,,,,FALSE,,,,,,0
Gemma,,,,,,,,,,,,,FALSE,,,,,,0
Gemma,,,,,,,,,,,,,FALSE,,,,,,0
Gemma,,,,,,,,,,,,,FALSE,,,,,,0
Gemma,,,,,,,,,,,,,FALSE,,,,,,0
Gemma,,,,,,,,,,,,,FALSE,,,,,,0
Gemma,,,,,,,,,,,,,FALSE,,,,,,0
Gemma,,,,,,,,,,,,,FALSE,,,,,,0
Gemma,,,,,,,,,,,,,FALSE,,,,,,0
Gemma,,,,,,,,,,,,,FALSE,,,,,,0
Gemma,,,,,,,,,,,,,FALSE,,,,,,0
Gemma,,,,,,,,,,,,,FALSE,,,,,,0
Gemma,,,,,,,,,,,,,FALSE,,,,,,0
Gemma,,,,,,,,,,,,,FALSE,,,,,,0
Gemma,,,,,,,,,,,,,FALSE,,,,,,0
Gemma,,,,,,,,,,,,,FALSE,,,,,,0
Gemma,,,,,,,,,,,,,FALSE,,,,,,0
Gemma,,,,,,,,,,,,,FALSE,,,,,,0
Gemma,,,,,,,,,,,,,FALSE,,,,,,0
Gemma,,,,,,,,,,,,,FALSE,,,,,,0
Gemma,,,,,,,,,,,,,FALSE,,,,,,0
Gemma,,,,,,,,,,,,,FALSE,,,,,,0
Gemma,,,,,,,,,,,,,FALSE,,,,,,0
Gemma,,,,,,,,,,,,,FALSE,,,,,,0
Gemma,,,,,,,,,,,,,FALSE,,,,,,0
Gemma,,,,,,,,,,,,,FALSE,,,,,,0
Gemma,,,,,,,,,,,,,FALSE,,,,,,0
Gemma,,,,,,,,,,,,,FALSE,,,,,,0
Gemma,,,,,,,,,,,,,FALSE,,,,,,0
Gemma,,,,,,,,,,,,,FALSE,,,,,,0
Gemma,,,,,,,,,,,,,FALSE,,,,,,0
Gemma,,,,,,,,,,,,,FALSE,,,,,,0
Gemma,,,,,,,,,,,,,FALSE,,,,,,0
Gemma,,,,,,,,,,,,,FALSE,,,,,,0
Gemma,,,,,,,,,,,,,FALSE,,,,,,0
Gemma,,,,,,,,,,,,,FALSE,,,,,,0
Gemma,,,,,,,,,,,,,FALSE,,,,,,0
Gemma,,,,,,,,,,,,,FALSE,,,,,,0
Gemma,,,,,,,,,,,,,FALSE,,,,,,0
Gemma,,,,,,,,,,,,,FALSE,,,,,,0
Gemma,,,,,,,,,,,,,FALSE,,,,,,0
Gemma,,,,,,,,,,,,,FALSE,,,,,,0
Gemma,,,,,,,,,,,,,FALSE,,,,,,0
Gemma,,,,,,,,,,,,,FALSE,,,,,,0
Gemma,,,,,,,,,,,,,FALSE,,,,,,0
Gemma,,,,,,,,,,,,,FALSE,,,,,,0
Gemma,,,,,,,,,,,,,FALSE,,,,,,0
Gemma,,,,,,,,,,,,,FALSE,,,,,,0
Gemma,,,,,,,,,,,,,FALSE,,,,,,0
Gemma,,,,,,,,,,,,,FALSE,,,,,,0
Gemma,,,,,,,,,,,,,FALSE,,,,,,0
Gemma,,,,,,,,,,,,,FALSE,,,,,,0
Gemma,,,,,,,,,,,,,FALSE,,,,,,0
Gemma,,,,,,,,,,,,,FALSE,,,,,,0
,,,,,,,,,,,,,,,,,,,0
,,,,,,,,,,,,,,,,,,,0
,,,,,,,,,,,,,,,,,,,0
,,,,,,,,,,,,,,,,,,,0
,,,,,,,,,,,,,,,,,,,0
,,,,,,,,,,,,,,,,,,,0
,,,,,,,,,,,,,,,,,,,0
,,,,,,,,,,,,,,,,,,,0
,,,,,,,,,,,,,,,,,,,0
,,,,,,,,,,,,,,,,,,,0
,,,,,,,,,,,,,,,,,,,0
,,,,,,,,,,,,,,,,,,,0
,,,,,,,,,,,,,,,,,,,0
,,,,,,,,,,,,,,,,,,,0
,,,,,,,,,,,,,,,,,,,0
,,,,,,,,,,,,,,,,,,,0
,,,,,,,,,,,,,,,,,,,0
,,,,,,,,,,,,,,,,,,,0
,,,,,,,,,,,,,,,,,,,0
,,,,,,,,,,,,,,,,,,,0
,,,,,,,,,,,,,,,,,,,0
,,,,,,,,,,,,,,,,,,,0
,,,,,,,,,,,,,,,,,,,0
,,,,,,,,,,,,,,,,,,,0
,,,,,,,,,,,,,,,,,,,0
,,,,,,,,,,,,,,,,,,,0
,,,,,,,,,,,,,,,,,,,0
,,,,,,,,,,,,,,,,,,,0
,,,,,,,,,,,,,,,,,,,0
,,,,,,,,,,,,,,,,,,,0
,,,,,,,,,,,,,,,,,,,0
,,,,,,,,,,,,,,,,,,,0
,,,,,,,,,,,,,,,,,,,0
,,,,,,,,,,,,,,,,,,,0
,,,,,,,,,,,,,,,,,,,0
,,,,,,,,,,,,,,,,,,,0
,,,,,,,,,,,,,,,,,,,0
,,,,,,,,,,,,,,,,,,,0
,,,,,,,,,,,,,,,,,,,0
,,,,,,,,,,,,,,,,,,,0
,,,,,,,,,,,,,,,,,,,0
,,,,,,,,,,,,,,,,,,,0
,,,,,,,,,,,,,,,,,,,0
,,,,,,,,,,,,,,,,,,,0
,,,,,,,,,,,,,,,,,,,0
,,,,,,,,,,,,,,,,,,,0
,,,,,,,,,,,,,,,,,,,0
,,,,,,,,,,,,,,,,,,,0
,,,,,,,,,,,,,,,,,,,0
,,,,,,,,,,,,,,,,,,,0
,,,,,,,,,,,,,,,,,,,0
,,,,,,,,,,,,,,,,,,,0
,,,,,,,,,,,,,,,,,,,0
,,,,,,,,,,,,,,,,,,,0
,,,,,,,,,,,,,,,,,,,0
,,,,,,,,,,,,,,,,,,,0
,,,,,,,,,,,,,,,,,,,0
,,,,,,,,,,,,,,,,,,,0
,,,,,,,,,,,,,,,,,,,0
,,,,,,,,,,,,,,,,,,,0
,,,,,,,,,,,,,,,,,,,0
,,,,,,,,,,,,,,,,,,,0
,,,,,,,,,,,,,,,,,,,0
,,,,,,,,,,,,,,,,,,,0
,,,,,,,,,,,,,,,,,,,0
,,,,,,,,,,,,,,,,,,,0
,,,,,,,,,,,,,,,,,,,0
,,,,,,,,,,,,,,,,,,,0
,,,,,,,,,,,,,,,,,,,0
,,,,,,,,,,,,,,,,,,,0
,,,,,,,,,,,,,,,,,,,0
,,,,,,,,,,,,,,,,,,,0
,,,,,,,,,,,,,,,,,,,0
,,,,,,,,,,,,,,,,,,,0
,,,,,,,,,,,,,,,,,,,0
,,,,,,,,,,,,,,,,,,,0
,,,,,,,,,,,,,,,,,,,0
,,,,,,,,,,,,,,,,,,,0
,,,,,,,,,,,,,,,,,,,0
,,,,,,,,,,,,,,,,,,,0
,,,,,,,,,,,,,,,,,,,0
,,,,,,,,,,,,,,,,,,,0
,,,,,,,,,,,,,,,,,,,0
,,,,,,,,,,,,,,,,,,,0
,,,,,,,,,,,,,,,,,,,0
,,,,,,,,,,,,,,,,,,,0
,,,,,,,,,,,,,,,,,,,0
,,,,,,,,,,,,,,,,,,,0
,,,,,,,,,,,,,,,,,,,0
,,,,,,,,,,,,,,,,,,,0
,,,,,,,,,,,,,,,,,,,0
,,,,,,,,,,,,,,,,,,,0
,,,,,,,,,,,,,,,,,,,0
,,,,,,,,,,,,,,,,,,,0
,,,,,,,,,,,,,,,,,,,0
,,,,,,,,,,,,,,,,,,,0
,,,,,,,,,,,,,,,,,,,0
,,,,,,,,,,,,,,,,,,,0
,,,,,,,,,,,,,,,,,,,0
,,,,,,,,,,,,,,,,,,,0